ID,MA2,DH5,DL18,FH3,RA1,RA3,CR1,TA2,MC,tick
camels_01022500,1.32 ,4.09 ,0.00 ,48.08 ,0.81 ,-0.31 ,0.36 ,0.34 ,0.90 ,5
camels_01031500,0.89 ,4.42 ,0.00 ,70.19 ,1.27 ,-0.49 ,0.35 ,0.47 ,0.99 ,4
camels_01047000,0.99 ,4.55 ,0.00 ,67.31 ,1.30 ,-0.55 ,0.38 ,0.44 ,0.97 ,4
camels_01052500,1.09 ,5.01 ,0.00 ,62.31 ,1.40 ,-0.61 ,0.44 ,0.41 ,0.80 ,4
camels_01054200,1.21 ,5.66 ,0.00 ,61.75 ,2.65 ,-1.04 ,0.49 ,0.38 ,0.51 ,4
camels_01055000,1.00 ,4.73 ,0.00 ,63.61 ,1.86 ,-0.78 ,0.44 ,0.44 ,0.90 ,4
camels_01057000,0.94 ,3.90 ,0.00 ,59.67 ,1.16 ,-0.47 ,0.31 ,0.45 ,0.85 ,4
camels_01078000,0.90 ,3.60 ,0.00 ,57.06 ,0.81 ,-0.37 ,0.32 ,0.47 ,0.81 ,4
camels_01134500,1.09 ,4.12 ,0.00 ,54.06 ,1.20 ,-0.56 ,0.40 ,0.39 ,0.54 ,5
camels_01137500,1.36 ,4.70 ,0.00 ,47.89 ,1.45 ,-0.69 ,0.44 ,0.33 ,0.96 ,5
camels_01139000,1.03 ,3.09 ,0.00 ,42.22 ,0.77 ,-0.34 ,0.31 ,0.41 ,0.41 ,5
camels_01169000,1.20 ,4.58 ,0.00 ,53.67 ,1.57 ,-0.66 ,0.40 ,0.36 ,0.76 ,5
camels_01181000,1.14 ,4.24 ,0.00 ,51.33 ,1.56 ,-0.65 ,0.36 ,0.37 ,0.68 ,5
camels_01365000,1.73 ,4.86 ,0.00 ,36.61 ,1.78 ,-0.62 ,0.42 ,0.28 ,1.00 ,5
camels_01439500,1.35 ,3.71 ,0.00 ,39.67 ,0.81 ,-0.30 ,0.31 ,0.30 ,0.93 ,5
camels_01440000,1.18 ,3.28 ,0.00 ,35.86 ,1.00 ,-0.41 ,0.31 ,0.35 ,0.85 ,5
camels_01543000,0.81 ,3.14 ,0.00 ,65.03 ,1.02 ,-0.40 ,0.33 ,0.48 ,0.93 ,4
camels_01543500,0.89 ,3.12 ,0.00 ,56.67 ,0.90 ,-0.36 ,0.31 ,0.46 ,0.72 ,4
camels_01544500,0.87 ,3.21 ,0.00 ,56.64 ,0.77 ,-0.33 ,0.30 ,0.46 ,0.67 ,4
camels_01545600,0.86 ,2.99 ,0.00 ,52.03 ,0.64 ,-0.26 ,0.27 ,0.49 ,0.46 ,4
camels_01550000,0.88 ,3.35 ,0.00 ,54.03 ,1.15 ,-0.42 ,0.32 ,0.45 ,0.70 ,4
camels_01552000,0.98 ,3.31 ,0.00 ,47.19 ,1.17 ,-0.45 ,0.31 ,0.41 ,0.42 ,5
camels_01605500,0.50 ,2.12 ,0.00 ,54.36 ,0.72 ,-0.26 ,0.19 ,0.80 ,0.98 ,3
camels_01606500,0.60 ,2.50 ,0.00 ,56.28 ,0.74 ,-0.30 ,0.23 ,0.69 ,0.94 ,3
camels_01669520,0.73 ,1.96 ,6.19 ,32.75 ,0.31 ,-0.16 ,0.16 ,0.70 ,0.68 ,3
camels_02011400,0.51 ,2.08 ,0.00 ,56.11 ,0.70 ,-0.26 ,0.19 ,0.80 ,0.98 ,3
camels_02013000,0.39 ,2.20 ,0.00 ,72.58 ,0.99 ,-0.39 ,0.22 ,0.81 ,0.99 ,3
camels_02014000,0.53 ,2.23 ,0.00 ,58.61 ,0.71 ,-0.28 ,0.22 ,0.75 ,0.99 ,3
camels_02015700,0.73 ,2.63 ,0.00 ,46.25 ,1.05 ,-0.41 ,0.27 ,0.57 ,0.49 ,4
camels_02016000,0.54 ,2.37 ,0.00 ,59.92 ,0.93 ,-0.37 ,0.24 ,0.69 ,0.95 ,3
camels_02017500,0.53 ,2.57 ,0.00 ,72.22 ,0.78 ,-0.29 ,0.24 ,0.68 ,0.99 ,3
camels_02018000,0.51 ,2.40 ,0.00 ,64.89 ,0.80 ,-0.31 ,0.22 ,0.72 ,0.99 ,3
camels_02027000,0.99 ,3.14 ,0.00 ,44.94 ,0.96 ,-0.34 ,0.29 ,0.41 ,0.40 ,2
camels_02028500,0.82 ,2.77 ,1.19 ,47.31 ,0.94 ,-0.33 ,0.27 ,0.48 ,0.46 ,2
camels_02046000,0.34 ,1.79 ,4.06 ,68.97 ,0.77 ,-0.33 ,0.17 ,0.67 ,0.98 ,3
camels_02111180,1.13 ,2.82 ,0.00 ,27.08 ,1.10 ,-0.43 ,0.27 ,0.32 ,0.77 ,5
camels_02112120,0.97 ,2.01 ,0.00 ,18.64 ,0.70 ,-0.29 ,0.22 ,0.41 ,0.70 ,2
camels_02152100,0.86 ,2.10 ,0.00 ,23.94 ,0.90 ,-0.36 ,0.22 ,0.52 ,0.65 ,2
camels_02177000,2.24 ,4.47 ,0.00 ,16.17 ,1.06 ,-0.37 ,0.39 ,0.20 ,0.97 ,5
camels_02178400,2.24 ,4.53 ,0.00 ,15.67 ,1.25 ,-0.42 ,0.41 ,0.22 ,0.98 ,5
camels_02212600,0.21 ,1.75 ,20.67 ,75.28 ,1.06 ,-0.44 ,0.17 ,0.67 ,0.97 ,3
camels_02327100,0.39 ,3.85 ,0.00 ,111.08 ,0.92 ,-0.38 ,0.23 ,0.56 ,0.57 ,4
camels_02374500,0.97 ,2.43 ,0.00 ,28.50 ,0.60 ,-0.30 ,0.23 ,0.43 ,0.74 ,2
camels_02450250,0.48 ,3.85 ,0.00 ,90.11 ,2.15 ,-0.79 ,0.30 ,0.59 ,0.80 ,4
camels_02469800,0.49 ,2.94 ,0.00 ,70.58 ,1.23 ,-0.50 ,0.26 ,0.66 ,0.83 ,3
camels_02479155,0.57 ,3.35 ,0.00 ,69.19 ,1.91 ,-0.84 ,0.32 ,0.58 ,0.86 ,4
camels_02479300,0.89 ,3.31 ,0.00 ,52.89 ,0.83 ,-0.39 ,0.25 ,0.45 ,0.44 ,4
camels_02479560,0.88 ,3.54 ,0.00 ,61.39 ,0.75 ,-0.33 ,0.27 ,0.44 ,0.67 ,4
camels_02481000,0.59 ,4.02 ,0.00 ,81.17 ,2.15 ,-0.86 ,0.37 ,0.51 ,0.96 ,4
camels_03010655,0.83 ,2.96 ,0.00 ,56.47 ,0.74 ,-0.28 ,0.30 ,0.50 ,0.70 ,4
camels_03011800,1.24 ,3.53 ,0.00 ,41.17 ,1.11 ,-0.44 ,0.37 ,0.34 ,0.96 ,5
camels_03021350,1.11 ,4.40 ,0.00 ,60.58 ,2.08 ,-0.94 ,0.46 ,0.38 ,0.53 ,4
camels_03028000,1.20 ,3.68 ,0.00 ,47.28 ,1.10 ,-0.42 ,0.38 ,0.35 ,0.90 ,5
camels_03070500,1.12 ,3.95 ,0.00 ,53.06 ,1.47 ,-0.61 ,0.40 ,0.40 ,0.52 ,5
camels_03159540,0.32 ,2.34 ,9.00 ,83.42 ,1.36 ,-0.58 ,0.23 ,0.80 ,0.98 ,3
camels_03180500,1.07 ,4.00 ,0.17 ,54.83 ,1.32 ,-0.57 ,0.40 ,0.42 ,0.69 ,4
camels_03182500,0.78 ,3.36 ,0.00 ,61.50 ,1.22 ,-0.54 ,0.33 ,0.51 ,0.94 ,4
camels_03186500,1.41 ,4.70 ,0.08 ,55.86 ,2.03 ,-0.83 ,0.48 ,0.33 ,0.82 ,5
camels_03280700,0.51 ,2.89 ,0.64 ,70.56 ,1.37 ,-0.58 ,0.28 ,0.64 ,0.65 ,3
camels_03439000,2.46 ,5.08 ,0.00 ,17.03 ,1.44 ,-0.51 ,0.47 ,0.22 ,0.98 ,5
camels_03456500,1.74 ,4.51 ,0.00 ,28.11 ,1.47 ,-0.50 ,0.43 ,0.26 ,1.00 ,5
camels_03460000,1.61 ,3.71 ,0.00 ,20.81 ,0.92 ,-0.34 ,0.36 ,0.27 ,0.98 ,5
camels_03463300,2.01 ,5.14 ,0.00 ,27.44 ,2.10 ,-0.76 ,0.51 ,0.23 ,0.98 ,5
camels_03500000,1.90 ,3.92 ,0.00 ,17.42 ,0.96 ,-0.34 ,0.35 ,0.22 ,0.97 ,5
camels_03500240,1.66 ,3.64 ,0.00 ,20.58 ,1.00 ,-0.37 ,0.34 ,0.25 ,0.98 ,5
camels_03504000,2.95 ,5.85 ,0.00 ,15.00 ,1.49 ,-0.51 ,0.55 ,0.26 ,0.95 ,5
camels_04015330,0.25 ,2.71 ,4.75 ,87.86 ,1.09 ,-0.46 ,0.28 ,0.83 ,0.97 ,3
camels_04024430,0.33 ,2.09 ,0.00 ,75.50 ,0.53 ,-0.25 ,0.19 ,0.77 ,1.00 ,3
camels_04057510,0.60 ,1.66 ,0.00 ,34.25 ,0.19 ,-0.08 ,0.17 ,0.70 ,0.70 ,3
camels_04063700,0.40 ,1.39 ,0.00 ,47.33 ,0.12 ,-0.07 ,0.13 ,0.55 ,0.84 ,2
camels_04256000,1.39 ,3.96 ,0.00 ,41.11 ,1.04 ,-0.51 ,0.41 ,0.30 ,0.99 ,5
camels_04296000,0.94 ,3.31 ,0.00 ,54.75 ,0.70 ,-0.33 ,0.31 ,0.46 ,0.65 ,4
camels_06224000,0.38 ,4.26 ,0.00 ,111.47 ,0.23 ,-0.15 ,0.26 ,0.80 ,0.90 ,3
camels_06280300,0.46 ,3.83 ,0.00 ,80.31 ,0.20 ,-0.14 ,0.19 ,0.85 ,0.98 ,3
camels_06289000,0.41 ,1.78 ,0.00 ,46.14 ,0.09 ,-0.05 ,0.16 ,0.78 ,0.93 ,3
camels_06332515,0.00 ,0.19 ,233.31 ,109.31 ,0.25 ,-0.15 ,0.01 ,0.62 ,0.99 ,1
camels_06339100,0.01 ,0.22 ,144.64 ,55.83 ,0.25 ,-0.13 ,0.02 ,0.48 ,0.41 ,2
camels_06344600,0.01 ,0.25 ,146.89 ,56.72 ,0.31 ,-0.16 ,0.02 ,0.44 ,0.45 ,2
camels_06404000,0.04 ,0.40 ,48.00 ,77.81 ,0.12 ,-0.07 ,0.04 ,0.31 ,0.87 ,2
camels_06406000,0.04 ,0.20 ,4.36 ,71.61 ,0.07 ,-0.05 ,0.02 ,0.27 ,0.90 ,2
camels_06409000,0.14 ,0.25 ,0.00 ,10.22 ,0.03 ,-0.02 ,0.03 ,0.38 ,0.93 ,2
camels_06622700,0.30 ,4.34 ,0.00 ,70.36 ,0.28 ,-0.22 ,0.38 ,0.89 ,0.91 ,3
camels_06623800,0.40 ,4.89 ,0.00 ,74.00 ,0.21 ,-0.16 ,0.29 ,0.85 ,0.96 ,3
camels_06876700,0.03 ,0.44 ,33.67 ,73.67 ,0.21 ,-0.11 ,0.04 ,0.40 ,0.94 ,2
camels_07060710,0.20 ,1.89 ,0.00 ,78.33 ,1.29 ,-0.49 ,0.16 ,0.73 ,0.99 ,3
camels_07208500,0.08 ,0.50 ,0.00 ,63.36 ,0.05 ,-0.03 ,0.04 ,0.30 ,0.96 ,2
camels_07291000,0.43 ,3.11 ,0.00 ,58.28 ,2.08 ,-0.86 ,0.28 ,0.72 ,0.70 ,3
camels_07299670,0.03 ,0.20 ,0.08 ,29.86 ,0.28 ,-0.18 ,0.02 ,0.38 ,0.99 ,2
camels_07301410,0.03 ,0.08 ,61.11 ,22.64 ,0.05 ,-0.03 ,0.01 ,0.39 ,0.94 ,2
camels_07315200,0.00 ,0.51 ,246.83 ,97.64 ,1.21 ,-0.55 ,0.05 ,0.77 ,0.99 ,1
camels_07315700,0.02 ,0.90 ,125.33 ,101.56 ,0.84 ,-0.39 ,0.07 ,0.71 ,0.87 ,1
camels_07335700,0.62 ,4.56 ,45.58 ,91.06 ,3.94 ,-1.14 ,0.43 ,0.48 ,0.66 ,4
camels_07340300,0.62 ,3.95 ,0.00 ,73.97 ,2.89 ,-0.95 ,0.38 ,0.53 ,0.87 ,4
camels_07362100,0.21 ,2.62 ,20.47 ,102.11 ,0.74 ,-0.39 ,0.15 ,0.81 ,0.96 ,3
camels_07373000,0.50 ,2.53 ,0.00 ,38.03 ,1.56 ,-0.66 ,0.22 ,0.74 ,0.75 ,3
camels_07376000,0.59 ,3.16 ,0.00 ,49.92 ,0.80 ,-0.40 ,0.21 ,0.67 ,0.82 ,3
camels_08013000,0.25 ,3.81 ,0.00 ,109.11 ,0.68 ,-0.43 ,0.18 ,0.70 ,0.88 ,3
camels_08014500,0.59 ,3.11 ,0.00 ,59.86 ,0.72 ,-0.34 ,0.19 ,0.63 ,0.76 ,3
camels_08025500,0.19 ,2.72 ,4.33 ,87.47 ,1.40 ,-0.59 ,0.23 ,0.83 ,0.97 ,3
camels_08029500,0.49 ,2.08 ,0.00 ,42.69 ,0.98 ,-0.46 ,0.19 ,0.79 ,0.90 ,3
camels_08066200,0.09 ,2.00 ,18.33 ,86.03 ,1.90 ,-0.82 ,0.21 ,0.82 ,0.91 ,3
camels_08070000,0.16 ,1.59 ,0.00 ,73.53 ,0.66 ,-0.34 ,0.12 ,0.73 ,0.99 ,3
camels_08082700,0.00 ,0.23 ,298.19 ,46.67 ,0.85 ,-0.41 ,0.02 ,0.78 ,0.87 ,1
camels_08086212,0.00 ,0.22 ,241.03 ,103.92 ,0.76 ,-0.31 ,0.02 ,0.58 ,0.99 ,1
camels_08101000,0.01 ,0.60 ,119.50 ,130.58 ,0.91 ,-0.32 ,0.06 ,0.57 ,0.76 ,1
camels_08109700,0.04 ,0.61 ,71.36 ,68.42 ,0.33 ,-0.20 ,0.05 ,0.57 ,0.47 ,2
camels_08150800,0.02 ,0.20 ,68.08 ,64.44 ,0.32 ,-0.16 ,0.03 ,0.41 ,0.92 ,2
camels_08158700,0.05 ,0.97 ,84.75 ,121.03 ,0.66 ,-0.21 ,0.08 ,0.52 ,0.35 ,1
camels_08164300,0.04 ,0.95 ,62.69 ,78.81 ,1.30 ,-0.54 ,0.11 ,0.72 ,0.86 ,3
camels_08164600,0.02 ,1.60 ,87.72 ,99.58 ,1.90 ,-0.76 ,0.16 ,0.81 ,0.56 ,3
camels_08165300,0.13 ,0.38 ,0.03 ,11.22 ,0.35 ,-0.20 ,0.04 ,0.25 ,0.83 ,2
camels_08171300,0.10 ,0.88 ,71.44 ,84.39 ,0.70 ,-0.21 ,0.09 ,0.47 ,0.58 ,2
camels_08175000,0.01 ,0.58 ,83.25 ,83.44 ,0.63 ,-0.34 ,0.05 ,0.70 ,0.64 ,3
camels_08176900,0.02 ,0.52 ,78.39 ,85.03 ,1.08 ,-0.41 ,0.06 ,0.59 ,0.42 ,3
camels_08178880,0.16 ,1.01 ,12.75 ,53.61 ,0.56 ,-0.20 ,0.08 ,0.48 ,0.99 ,2
camels_08189500,0.02 ,0.49 ,81.03 ,62.36 ,0.68 ,-0.31 ,0.05 ,0.61 ,0.43 ,3
camels_08190000,0.11 ,0.46 ,0.00 ,42.53 ,0.46 ,-0.14 ,0.05 ,0.21 ,0.88 ,2
camels_08190500,0.00 ,0.13 ,274.67 ,70.28 ,1.38 ,-0.35 ,0.02 ,0.71 ,0.97 ,1
camels_08194200,0.00 ,0.24 ,294.11 ,50.83 ,0.65 ,-0.35 ,0.03 ,0.76 ,0.89 ,1
camels_08195000,0.17 ,0.68 ,1.83 ,39.39 ,0.51 ,-0.17 ,0.08 ,0.24 ,0.92 ,2
camels_08196000,0.09 ,0.57 ,8.81 ,62.56 ,0.57 ,-0.18 ,0.06 ,0.34 ,0.98 ,2
camels_08198500,0.01 ,0.47 ,147.22 ,50.72 ,1.14 ,-0.37 ,0.03 ,0.76 ,0.66 ,1
camels_08200000,0.09 ,1.12 ,56.19 ,92.11 ,0.94 ,-0.29 ,0.09 ,0.54 ,0.38 ,3
camels_08202700,0.00 ,0.19 ,336.61 ,8.33 ,6.54 ,-2.28 ,0.01 ,0.96 ,0.45 ,1
camels_08269000,0.16 ,1.09 ,0.00 ,61.19 ,0.06 ,-0.05 ,0.08 ,0.57 ,0.64 ,2
camels_08324000,0.06 ,0.38 ,0.03 ,61.53 ,0.04 ,-0.03 ,0.03 ,0.39 ,0.99 ,2
camels_08377900,0.25 ,1.60 ,0.00 ,67.64 ,0.11 ,-0.07 ,0.11 ,0.64 ,0.88 ,3
camels_08378500,0.24 ,1.26 ,0.00 ,60.31 ,0.08 ,-0.05 ,0.09 ,0.55 ,0.77 ,2
camels_09210500,0.21 ,1.10 ,0.00 ,56.44 ,0.06 ,-0.04 ,0.12 ,0.50 ,0.96 ,2
camels_09223000,0.16 ,2.16 ,0.00 ,85.53 ,0.10 ,-0.07 ,0.15 ,0.82 ,0.99 ,3
camels_09312600,0.07 ,1.02 ,2.22 ,81.69 ,0.06 ,-0.04 ,0.07 ,0.65 ,0.88 ,3
camels_09352900,0.86 ,4.91 ,0.00 ,74.50 ,0.36 ,-0.23 ,0.26 ,0.57 ,0.81 ,4
camels_09386900,0.00 ,0.23 ,251.03 ,92.67 ,0.15 ,-0.11 ,0.02 ,0.65 ,0.99 ,1
camels_09404450,0.15 ,0.35 ,0.00 ,16.58 ,0.04 ,-0.03 ,0.04 ,0.32 ,0.94 ,2
camels_09430600,0.09 ,1.12 ,37.94 ,92.67 ,0.40 ,-0.21 ,0.14 ,0.55 ,0.47 ,3
camels_09447800,0.01 ,0.08 ,33.72 ,19.44 ,0.24 ,-0.15 ,0.02 ,0.56 ,0.83 ,2
camels_09480000,0.01 ,0.12 ,148.19 ,40.28 ,0.35 ,-0.22 ,0.02 ,0.52 ,0.41 ,2
camels_09492400,0.41 ,1.73 ,0.00 ,58.89 ,0.16 ,-0.10 ,0.12 ,0.68 ,0.94 ,3
camels_09494000,0.11 ,0.62 ,2.64 ,76.17 ,0.08 ,-0.05 ,0.05 ,0.30 ,0.91 ,2
camels_09497800,0.06 ,0.28 ,0.00 ,39.81 ,0.19 ,-0.11 ,0.05 ,0.31 ,0.98 ,2
camels_09497980,0.03 ,0.39 ,0.00 ,61.28 ,0.34 ,-0.16 ,0.06 ,0.31 ,0.97 ,2
camels_09505800,0.07 ,0.57 ,0.00 ,39.78 ,0.38 ,-0.24 ,0.07 ,0.49 ,0.99 ,2
camels_09510200,0.00 ,0.46 ,204.56 ,140.39 ,0.73 ,-0.27 ,0.06 ,0.65 ,0.98 ,1
camels_09512280,0.00 ,0.25 ,208.31 ,136.64 ,0.77 ,-0.34 ,0.04 ,0.55 ,0.96 ,1
camels_09513780,0.00 ,0.52 ,232.33 ,110.67 ,1.76 ,-0.55 ,0.09 ,0.74 ,1.00 ,1
camels_10172700,0.12 ,0.24 ,0.00 ,18.17 ,0.03 ,-0.02 ,0.03 ,0.29 ,0.92 ,2
camels_10173450,0.17 ,1.29 ,0.53 ,61.06 ,0.07 ,-0.04 ,0.06 ,0.59 ,0.51 ,2
camels_10234500,0.26 ,1.31 ,0.00 ,61.47 ,0.06 ,-0.05 ,0.09 ,0.61 ,0.59 ,3
camels_10263500,0.27 ,1.58 ,0.00 ,63.47 ,0.35 ,-0.18 ,0.18 ,0.66 ,0.95 ,3
camels_10329500,0.06 ,0.57 ,0.00 ,80.83 ,0.09 ,-0.06 ,0.08 ,0.48 ,0.79 ,2
camels_10396000,0.28 ,1.52 ,0.00 ,75.11 ,0.16 ,-0.11 ,0.20 ,0.67 ,0.98 ,3
camels_11124500,0.03 ,0.93 ,130.61 ,102.97 ,0.78 ,-0.23 ,0.10 ,0.61 ,0.87 ,1
camels_11143000,0.59 ,5.49 ,0.00 ,79.69 ,1.53 ,-0.46 ,0.51 ,0.59 ,0.97 ,4
camels_11148900,0.04 ,3.13 ,141.78 ,132.44 ,3.55 ,-0.78 ,0.40 ,0.87 ,0.54 ,1
camels_11151300,0.01 ,0.20 ,156.67 ,56.58 ,0.30 ,-0.16 ,0.04 ,0.49 ,0.47 ,1
camels_11264500,0.61 ,5.66 ,0.00 ,94.61 ,0.38 ,-0.25 ,0.20 ,0.64 ,0.66 ,3
camels_11266500,0.63 ,5.62 ,0.00 ,96.89 ,0.37 ,-0.24 ,0.21 ,0.61 ,0.51 ,3
camels_11381500,1.36 ,3.96 ,0.00 ,37.72 ,0.95 ,-0.43 ,0.33 ,0.36 ,0.93 ,5
camels_11383500,0.67 ,3.24 ,0.00 ,61.83 ,0.87 ,-0.33 ,0.23 ,0.61 ,0.55 ,3
camels_11451100,0.20 ,5.23 ,31.00 ,120.89 ,2.40 ,-0.73 ,0.44 ,0.69 ,0.49 ,4
camels_11468500,0.28 ,5.27 ,0.00 ,105.72 ,1.96 ,-0.63 ,0.34 ,0.68 ,0.47 ,3
camels_11473900,0.42 ,5.01 ,5.56 ,120.14 ,1.73 ,-0.61 ,0.37 ,0.58 ,0.72 ,4
camels_11478500,0.70 ,9.55 ,0.00 ,118.03 ,3.77 ,-1.18 ,0.61 ,0.51 ,0.56 ,4
camels_11480390,0.32 ,6.63 ,68.00 ,122.06 ,2.74 ,-0.83 ,0.44 ,0.60 ,0.58 ,4
camels_11481200,0.84 ,7.84 ,0.00 ,96.89 ,3.21 ,-1.11 ,0.51 ,0.50 ,0.76 ,4
camels_11482500,1.01 ,8.36 ,0.00 ,100.53 ,2.39 ,-0.71 ,0.51 ,0.49 ,0.86 ,4
camels_11522500,1.27 ,4.61 ,0.00 ,63.94 ,0.72 ,-0.30 ,0.36 ,0.42 ,0.83 ,4
camels_11523200,1.02 ,6.34 ,0.00 ,94.56 ,0.85 ,-0.42 ,0.40 ,0.48 ,0.98 ,4
camels_11528700,0.47 ,4.24 ,0.00 ,102.36 ,0.93 ,-0.31 ,0.30 ,0.63 ,0.49 ,3
camels_11532500,2.31 ,13.24 ,0.00 ,80.94 ,4.13 ,-1.28 ,0.75 ,0.44 ,0.86 ,6
camels_12010000,3.71 ,16.35 ,0.00 ,63.72 ,4.23 ,-1.55 ,1.04 ,0.39 ,0.98 ,6
camels_12025700,2.76 ,10.12 ,0.00 ,54.08 ,2.71 ,-0.98 ,0.73 ,0.39 ,0.85 ,6
camels_12035000,3.76 ,14.53 ,0.00 ,56.22 ,3.43 ,-1.20 ,0.77 ,0.41 ,0.99 ,6
camels_12040500,5.61 ,19.40 ,0.00 ,47.81 ,5.77 ,-2.45 ,0.98 ,0.36 ,0.91 ,6
camels_12041200,6.87 ,16.79 ,0.00 ,24.36 ,3.76 ,-2.01 ,1.09 ,0.44 ,0.91 ,6
camels_12048000,1.80 ,3.81 ,0.00 ,21.61 ,0.66 ,-0.30 ,0.33 ,0.26 ,0.97 ,5
camels_12054000,4.41 ,9.95 ,0.00 ,26.83 ,2.63 ,-1.11 ,0.79 ,0.32 ,0.97 ,6
camels_12056500,6.36 ,15.52 ,0.00 ,28.64 ,4.38 ,-1.76 ,1.01 ,0.37 ,0.95 ,6
camels_12082500,4.52 ,8.25 ,0.00 ,11.92 ,1.24 ,-0.76 ,0.66 ,0.37 ,0.48 ,6
camels_12092000,4.53 ,7.67 ,0.00 ,9.75 ,1.34 ,-0.82 ,0.65 ,0.39 ,0.46 ,6
camels_12115000,4.02 ,10.32 ,0.00 ,34.42 ,2.14 ,-0.88 ,0.79 ,0.36 ,0.94 ,6
camels_12141300,5.25 ,12.31 ,0.00 ,29.97 ,3.42 ,-1.70 ,0.98 ,0.33 ,0.99 ,6
camels_12186000,5.00 ,11.82 ,0.00 ,28.61 ,2.26 ,-1.10 ,0.82 ,0.34 ,0.98 ,6
camels_12189500,4.42 ,9.34 ,0.00 ,18.86 ,1.53 ,-0.83 ,0.69 ,0.37 ,0.69 ,6
camels_12381400,0.41 ,3.01 ,0.00 ,71.50 ,0.15 ,-0.08 ,0.24 ,0.92 ,0.95 ,3
camels_12411000,0.76 ,4.94 ,0.00 ,87.39 ,0.51 ,-0.24 ,0.34 ,0.57 ,0.92 ,4
camels_12488500,1.47 ,6.27 ,0.00 ,66.08 ,0.53 ,-0.24 ,0.37 ,0.38 ,0.57 ,4
camels_13011900,0.59 ,4.40 ,0.00 ,72.11 ,0.18 ,-0.13 ,0.22 ,0.80 ,0.99 ,3
camels_13023000,0.69 ,3.22 ,0.00 ,63.31 ,0.11 ,-0.07 ,0.23 ,0.77 ,0.99 ,3
camels_13083000,0.22 ,0.44 ,0.00 ,12.97 ,0.03 ,-0.03 ,0.06 ,0.45 ,0.93 ,2
camels_13161500,0.07 ,0.74 ,0.36 ,90.92 ,0.05 ,-0.04 ,0.07 ,0.49 ,0.59 ,2
camels_13235000,0.90 ,4.18 ,0.00 ,61.11 ,0.19 ,-0.11 ,0.26 ,0.61 ,0.50 ,3
camels_13240000,0.70 ,8.09 ,0.00 ,87.78 ,0.62 ,-0.41 ,0.46 ,0.64 ,0.81 ,4
camels_13313000,0.48 ,4.38 ,0.00 ,75.75 ,0.21 ,-0.13 ,0.24 ,0.82 ,0.98 ,3
camels_13331500,0.74 ,4.70 ,0.00 ,83.44 ,0.29 ,-0.17 ,0.34 ,0.65 ,0.58 ,3
camels_14020000,0.82 ,3.83 ,0.00 ,76.28 ,0.57 ,-0.27 ,0.38 ,0.57 ,0.95 ,4
camels_14154500,1.25 ,5.80 ,0.00 ,76.14 ,1.72 ,-0.71 ,0.40 ,0.43 ,0.95 ,4
camels_14158500,3.97 ,6.87 ,0.00 ,4.94 ,0.32 ,-0.12 ,0.62 ,0.41 ,0.67 ,5
camels_14166500,0.96 ,5.85 ,0.00 ,81.42 ,1.04 ,-0.43 ,0.40 ,0.52 ,1.00 ,4
camels_14182500,3.83 ,12.08 ,0.00 ,43.81 ,3.52 ,-1.38 ,0.79 ,0.40 ,1.00 ,6
camels_14185000,2.80 ,9.11 ,0.00 ,47.64 ,2.27 ,-0.91 ,0.60 ,0.41 ,0.40 ,5
camels_14185900,3.50 ,12.78 ,0.00 ,54.89 ,3.89 ,-1.50 ,0.83 ,0.41 ,1.00 ,6
camels_14236200,3.55 ,10.92 ,0.00 ,42.03 ,2.53 ,-0.96 ,0.76 ,0.39 ,0.97 ,6
camels_14301000,1.67 ,8.86 ,0.00 ,78.28 ,1.51 ,-0.58 ,0.59 ,0.45 ,0.73 ,4
camels_14306500,1.88 ,9.39 ,0.00 ,73.36 ,1.99 ,-0.69 ,0.63 ,0.45 ,0.57 ,4
camels_14309500,0.69 ,6.72 ,0.00 ,101.86 ,2.15 ,-0.77 ,0.47 ,0.53 ,0.91 ,4
camels_14316700,1.37 ,6.90 ,0.00 ,78.64 ,1.95 ,-0.80 ,0.47 ,0.44 ,0.90 ,4
camels_14325000,1.53 ,10.49 ,0.00 ,93.86 ,3.31 ,-1.17 ,0.73 ,0.46 ,0.43 ,6
camels_14400000,2.93 ,19.10 ,0.00 ,90.67 ,5.83 ,-1.74 ,1.06 ,0.45 ,0.86 ,6
camelsaus_102101A,0.25 ,7.05 ,31.89 ,106.92 ,3.30 ,-1.38 ,0.41 ,0.70 ,0.51 ,4
camelsaus_105105A,0.10 ,3.29 ,73.67 ,97.14 ,2.03 ,-0.76 ,0.27 ,0.88 ,0.69 ,3
camelsaus_107001B,0.14 ,3.47 ,42.86 ,95.00 ,1.57 ,-0.60 ,0.25 ,0.85 ,0.89 ,3
camelsaus_108002A,0.88 ,6.57 ,0.00 ,66.75 ,2.15 ,-0.87 ,0.49 ,0.49 ,0.92 ,4
camelsaus_108003A,2.32 ,13.72 ,0.00 ,64.69 ,4.69 ,-1.72 ,1.13 ,0.33 ,0.94 ,6
camelsaus_116010A,0.50 ,4.39 ,0.22 ,60.36 ,1.47 ,-0.55 ,0.27 ,0.67 ,0.68 ,3
camelsaus_116012A,0.21 ,3.91 ,10.56 ,73.64 ,1.76 ,-0.68 ,0.28 ,0.83 ,0.92 ,3
camelsaus_116013A,0.52 ,4.23 ,0.36 ,61.28 ,1.28 ,-0.52 ,0.26 ,0.68 ,0.79 ,3
camelsaus_116014A,0.07 ,2.44 ,77.36 ,90.94 ,1.36 ,-0.52 ,0.16 ,0.84 ,0.79 ,3
camelsaus_116015A,0.58 ,5.24 ,1.03 ,73.64 ,1.73 ,-0.62 ,0.35 ,0.60 ,0.95 ,4
camelsaus_121001A,0.00 ,1.48 ,200.75 ,138.31 ,2.31 ,-0.84 ,0.11 ,0.81 ,0.93 ,1
camelsaus_136202D,0.01 ,0.68 ,125.44 ,86.83 ,1.00 ,-0.43 ,0.04 ,0.71 ,0.82 ,1
camelsaus_137101A,0.00 ,0.91 ,209.03 ,134.81 ,1.50 ,-0.60 ,0.05 ,0.79 ,0.98 ,1
camelsaus_137201A,0.00 ,1.04 ,174.03 ,160.50 ,1.75 ,-0.82 ,0.08 ,0.84 ,0.84 ,1
camelsaus_138004B,0.01 ,1.11 ,136.00 ,104.19 ,1.23 ,-0.46 ,0.06 ,0.76 ,0.92 ,1
camelsaus_138009A,0.10 ,2.28 ,49.83 ,96.33 ,1.82 ,-0.65 ,0.17 ,0.79 ,0.86 ,3
camelsaus_138113A,0.05 ,2.12 ,67.61 ,90.78 ,2.30 ,-0.74 ,0.12 ,0.84 ,0.73 ,3
camelsaus_143110A,0.01 ,1.17 ,160.00 ,107.94 ,2.14 ,-0.98 ,0.10 ,0.81 ,0.91 ,1
camelsaus_143303A,0.33 ,4.70 ,3.78 ,87.39 ,2.80 ,-1.08 ,0.33 ,0.65 ,0.61 ,4
camelsaus_145010A,0.28 ,1.84 ,0.75 ,58.56 ,0.71 ,-0.36 ,0.14 ,0.68 ,0.95 ,3
camelsaus_145101D,0.18 ,1.73 ,21.03 ,74.11 ,0.80 ,-0.37 ,0.12 ,0.68 ,0.97 ,3
camelsaus_208009,0.30 ,1.28 ,0.31 ,56.83 ,0.62 ,-0.23 ,0.16 ,0.53 ,0.78 ,2
camelsaus_215004,0.16 ,1.76 ,16.08 ,68.22 ,1.65 ,-0.50 ,0.21 ,0.76 ,0.97 ,3
camelsaus_216002,0.15 ,1.89 ,15.33 ,75.94 ,1.86 ,-0.51 ,0.18 ,0.78 ,0.97 ,3
camelsaus_221207,0.57 ,1.77 ,0.00 ,31.36 ,0.47 ,-0.18 ,0.17 ,0.71 ,0.70 ,3
camelsaus_221210,0.05 ,0.90 ,49.31 ,76.50 ,0.82 ,-0.31 ,0.08 ,0.62 ,0.69 ,3
camelsaus_222213,0.19 ,0.69 ,4.03 ,54.81 ,0.19 ,-0.08 ,0.07 ,0.33 ,0.99 ,2
camelsaus_224206,0.35 ,1.67 ,10.06 ,74.53 ,0.36 ,-0.13 ,0.14 ,0.63 ,0.92 ,3
camelsaus_224213A,0.34 ,1.31 ,1.31 ,63.86 ,0.30 ,-0.11 ,0.12 ,0.54 ,0.74 ,2
camelsaus_224214A,0.10 ,0.52 ,2.25 ,42.08 ,0.24 ,-0.11 ,0.04 ,0.26 ,0.95 ,2
camelsaus_225110A,0.38 ,1.88 ,0.94 ,73.72 ,0.35 ,-0.14 ,0.16 ,0.77 ,1.00 ,3
camelsaus_225219,0.45 ,2.29 ,1.03 ,81.69 ,0.54 ,-0.20 ,0.21 ,0.83 ,0.99 ,3
camelsaus_226220,0.50 ,0.95 ,0.00 ,13.83 ,0.20 ,-0.09 ,0.11 ,0.34 ,0.91 ,2
camelsaus_231213,0.07 ,0.95 ,85.58 ,100.06 ,0.59 ,-0.23 ,0.14 ,0.56 ,0.36 ,3
camelsaus_304497,1.91 ,5.68 ,0.61 ,49.69 ,0.63 ,-0.30 ,0.48 ,0.33 ,0.97 ,5
camelsaus_304499,1.26 ,3.67 ,0.00 ,53.72 ,0.84 ,-0.42 ,0.44 ,0.34 ,0.87 ,5
camelsaus_307473,2.77 ,8.45 ,0.00 ,75.11 ,3.71 ,-2.04 ,0.87 ,0.22 ,0.88 ,6
camelsaus_308145,2.62 ,8.20 ,0.00 ,62.22 ,3.80 ,-1.81 ,0.77 ,0.24 ,0.86 ,6
camelsaus_308799,2.60 ,8.94 ,0.00 ,70.03 ,4.24 ,-2.03 ,0.79 ,0.25 ,0.88 ,6
camelsaus_314213,0.62 ,3.41 ,0.00 ,81.86 ,1.22 ,-0.50 ,0.35 ,0.60 ,0.87 ,4
camelsaus_315450,2.02 ,7.11 ,0.00 ,70.39 ,3.00 ,-1.30 ,0.71 ,0.29 ,0.44 ,6
camelsaus_318076,0.58 ,2.17 ,0.00 ,55.03 ,0.66 ,-0.26 ,0.23 ,0.77 ,0.98 ,3
camelsaus_401012,0.58 ,1.87 ,0.00 ,51.22 ,0.29 ,-0.11 ,0.18 ,0.77 ,0.96 ,3
camelsaus_401210,0.70 ,2.61 ,0.00 ,56.97 ,0.40 ,-0.12 ,0.20 ,0.67 ,0.91 ,3
camelsaus_401212,0.76 ,2.85 ,0.00 ,56.08 ,0.37 ,-0.13 ,0.22 ,0.60 ,0.52 ,3
camelsaus_401216,1.02 ,2.97 ,0.00 ,46.97 ,0.62 ,-0.21 ,0.29 ,0.47 ,0.43 ,2
camelsaus_401217,0.38 ,1.66 ,0.00 ,68.42 ,0.27 ,-0.09 ,0.14 ,0.65 ,0.92 ,3
camelsaus_403217,0.21 ,2.44 ,13.47 ,101.53 ,0.62 ,-0.20 ,0.15 ,0.79 ,0.97 ,3
camelsaus_403221,0.10 ,1.16 ,31.75 ,96.19 ,0.57 ,-0.22 ,0.10 ,0.57 ,0.56 ,3
camelsaus_403222,0.37 ,2.49 ,9.83 ,86.17 ,0.44 ,-0.15 ,0.17 ,0.83 ,0.99 ,3
camelsaus_403232,0.31 ,2.23 ,14.53 ,87.17 ,0.35 ,-0.12 ,0.16 ,0.79 ,1.00 ,3
camelsaus_405209,0.73 ,2.47 ,0.00 ,53.69 ,0.34 ,-0.15 ,0.22 ,0.66 ,0.85 ,3
camelsaus_405215,0.58 ,2.70 ,0.00 ,73.67 ,0.44 ,-0.15 ,0.22 ,0.71 ,1.00 ,3
camelsaus_405218,0.63 ,3.45 ,0.00 ,81.72 ,0.58 ,-0.21 ,0.28 ,0.62 ,0.69 ,3
camelsaus_405219,0.43 ,2.99 ,0.00 ,91.25 ,0.38 ,-0.14 ,0.23 ,0.78 ,0.99 ,3
camelsaus_405227,0.57 ,2.89 ,0.00 ,75.72 ,0.34 ,-0.13 ,0.23 ,0.72 ,1.00 ,3
camelsaus_405264,0.70 ,2.86 ,0.00 ,65.11 ,0.31 ,-0.11 ,0.23 ,0.65 ,0.91 ,3
camelsaus_410730,0.48 ,1.58 ,0.00 ,54.00 ,0.36 ,-0.12 ,0.17 ,0.63 ,0.71 ,3
camelsaus_410731,0.08 ,0.44 ,19.25 ,62.75 ,0.23 ,-0.11 ,0.05 ,0.31 ,0.97 ,2
camelsaus_418005,0.03 ,0.60 ,77.22 ,89.36 ,0.60 ,-0.24 ,0.06 ,0.53 ,0.37 ,2
camelsaus_422313B,0.01 ,0.88 ,126.42 ,121.89 ,1.00 ,-0.36 ,0.05 ,0.65 ,0.88 ,1
camelsaus_422334A,0.01 ,0.42 ,135.89 ,41.89 ,1.15 ,-0.56 ,0.03 ,0.73 ,0.48 ,1
camelsaus_422394A,0.07 ,0.78 ,38.36 ,80.11 ,0.51 ,-0.22 ,0.05 ,0.46 ,0.80 ,2
camelsaus_606001,0.01 ,0.57 ,162.56 ,134.11 ,0.11 ,-0.06 ,0.06 ,0.60 ,0.93 ,1
camelsaus_613002,0.23 ,1.26 ,29.56 ,93.67 ,0.22 ,-0.09 ,0.13 ,0.57 ,0.58 ,3
camelsaus_616002,0.00 ,0.04 ,277.00 ,67.08 ,0.05 ,-0.03 ,0.00 ,0.80 ,0.93 ,1
camelsaus_616013,0.00 ,0.04 ,210.25 ,134.00 ,0.03 ,-0.02 ,0.00 ,0.74 ,0.98 ,1
camelsaus_804001,0.02 ,2.05 ,121.92 ,121.25 ,1.39 ,-0.53 ,0.17 ,0.81 ,0.73 ,1
camelsaus_915011A,0.00 ,0.58 ,253.28 ,74.14 ,1.22 ,-0.46 ,0.05 ,0.81 ,0.97 ,1
camelsaus_917107A,0.03 ,0.82 ,67.03 ,73.11 ,0.62 ,-0.30 ,0.06 ,0.65 ,0.71 ,3
camelsaus_926002A,0.68 ,4.03 ,7.81 ,79.75 ,0.61 ,-0.27 ,0.27 ,0.64 ,0.74 ,3
camelsaus_A5130501,0.04 ,0.57 ,98.72 ,103.36 ,0.20 ,-0.11 ,0.07 ,0.51 ,0.37 ,1
camelsaus_G0060005,0.00 ,0.08 ,315.92 ,22.28 ,0.83 ,-0.27 ,0.01 ,0.89 ,0.72 ,1
camelsaus_G8170002,0.10 ,4.26 ,23.47 ,106.33 ,2.16 ,-1.01 ,0.19 ,0.85 ,0.75 ,3
camelsaus_G9030124,0.00 ,0.49 ,291.31 ,32.56 ,1.67 ,-0.82 ,0.04 ,0.88 ,0.76 ,1
camelsbr_51940000,1.40 ,2.39 ,0.00 ,8.89 ,0.31 ,-0.22 ,0.35 ,0.16 ,0.83 ,5
camelsbr_57250000,1.76 ,3.15 ,0.00 ,11.44 ,0.67 ,-0.29 ,0.29 ,0.19 ,0.88 ,5
camelsbr_58060000,2.11 ,4.19 ,0.00 ,12.89 ,1.10 ,-0.54 ,0.33 ,0.26 ,0.97 ,5
camelsbr_58258000,2.08 ,5.55 ,0.00 ,26.81 ,1.37 ,-1.07 ,0.29 ,0.28 ,0.93 ,5
camelsbr_58530000,2.84 ,6.81 ,0.00 ,22.00 ,1.40 ,-0.74 ,0.37 ,0.43 ,0.84 ,5
camelsbr_58535000,2.73 ,6.82 ,0.00 ,24.89 ,1.50 ,-0.62 ,0.39 ,0.37 ,0.94 ,5
camelsbr_58542000,2.29 ,5.50 ,0.00 ,25.67 ,0.94 ,-0.59 ,0.44 ,0.27 ,1.00 ,5
camelsbr_59370000,2.40 ,4.86 ,0.00 ,12.92 ,1.34 ,-0.72 ,0.41 ,0.34 ,0.97 ,5
camelsbr_64620000,1.25 ,4.22 ,0.00 ,52.64 ,1.23 ,-0.54 ,0.36 ,0.29 ,0.92 ,5
camelsbr_65135000,1.38 ,3.04 ,0.00 ,34.25 ,0.41 ,-0.18 ,0.25 ,0.21 ,0.77 ,5
camelsbr_65180000,1.03 ,3.84 ,0.00 ,85.31 ,0.61 ,-0.38 ,0.28 ,0.35 ,0.65 ,4
camelsbr_70100000,1.50 ,4.52 ,0.00 ,53.53 ,3.02 ,-1.08 ,0.35 ,0.24 ,0.75 ,5
camelsbr_71300000,1.70 ,4.15 ,0.00 ,51.50 ,0.56 ,-0.30 ,0.33 ,0.18 ,0.90 ,5
camelsbr_73765000,0.82 ,5.48 ,0.00 ,83.94 ,4.06 ,-1.32 ,0.38 ,0.41 ,0.59 ,4
camelsbr_82320000,1.95 ,5.31 ,0.00 ,40.00 ,2.77 ,-1.20 ,0.42 ,0.19 ,0.84 ,5
camelsbr_83105000,1.00 ,3.25 ,0.00 ,47.67 ,2.08 ,-0.78 ,0.29 ,0.36 ,0.57 ,5
camelsbr_83250000,1.07 ,3.17 ,0.00 ,50.03 ,1.05 ,-0.51 ,0.28 ,0.35 ,0.57 ,5
camelsbr_83345000,0.89 ,4.22 ,0.03 ,58.64 ,1.85 ,-0.68 ,0.30 ,0.42 ,0.75 ,4
camelsbr_83675000,2.35 ,4.49 ,0.00 ,17.22 ,1.14 ,-0.77 ,0.35 ,0.22 ,0.97 ,5
camelsbr_84071000,1.77 ,3.38 ,0.00 ,19.11 ,0.88 ,-0.55 ,0.32 ,0.15 ,0.92 ,5
camelsbr_84520000,2.08 ,3.85 ,0.00 ,16.86 ,1.32 ,-0.59 ,0.36 ,0.19 ,0.96 ,5
camelsbr_84551000,1.91 ,5.21 ,0.00 ,36.11 ,2.17 ,-1.09 ,0.38 ,0.20 ,0.92 ,5
camelsbr_84598002,1.93 ,3.82 ,0.00 ,18.06 ,1.24 ,-0.53 ,0.33 ,0.17 ,0.95 ,5
camelsbr_84600000,2.07 ,3.97 ,0.00 ,17.67 ,1.03 ,-0.46 ,0.36 ,0.18 ,0.96 ,5
camelsbr_86700000,0.97 ,5.55 ,0.00 ,76.53 ,2.66 ,-1.08 ,0.35 ,0.37 ,0.69 ,4
camelscl_1050002,0.03 ,0.04 ,0.25 ,1.17 ,0.01 ,-0.01 ,0.00 ,0.68 ,0.52 ,2
camelscl_1201005,0.06 ,0.12 ,0.00 ,15.28 ,0.03 ,-0.03 ,0.01 ,0.55 ,0.85 ,2
camelscl_12284002,0.29 ,0.93 ,0.00 ,45.36 ,0.13 ,-0.08 ,0.08 ,0.36 ,1.00 ,2
camelscl_12284003,0.18 ,0.50 ,0.03 ,33.86 ,0.07 ,-0.05 ,0.05 ,0.24 ,0.91 ,2
camelscl_12284006,0.43 ,1.46 ,0.06 ,58.17 ,0.31 ,-0.21 ,0.11 ,0.65 ,0.84 ,3
camelscl_12582001,1.36 ,2.92 ,0.00 ,33.28 ,0.66 ,-0.37 ,0.42 ,0.30 ,0.98 ,5
camelscl_12600001,1.45 ,3.06 ,0.00 ,30.36 ,0.64 ,-0.39 ,0.35 ,0.27 ,0.97 ,5
camelscl_12622001,0.52 ,1.39 ,0.00 ,46.08 ,0.23 ,-0.13 ,0.17 ,0.65 ,0.71 ,3
camelscl_12802001,0.11 ,0.30 ,0.00 ,24.47 ,0.05 ,-0.04 ,0.04 ,0.36 ,0.98 ,2
camelscl_12805001,0.23 ,0.53 ,0.00 ,26.75 ,0.07 ,-0.05 ,0.07 ,0.28 ,0.94 ,2
camelscl_12806001,0.34 ,0.72 ,0.00 ,22.33 ,0.09 ,-0.06 ,0.10 ,0.29 ,0.92 ,2
camelscl_4301002,0.23 ,0.66 ,0.08 ,34.61 ,0.05 ,-0.04 ,0.02 ,0.29 ,0.97 ,2
camelscl_4311001,0.18 ,0.59 ,0.00 ,32.53 ,0.03 ,-0.03 ,0.03 ,0.23 ,0.90 ,2
camelscl_4313001,0.22 ,0.61 ,0.00 ,28.72 ,0.02 ,-0.02 ,0.05 ,0.20 ,0.84 ,2
camelscl_4314002,0.14 ,0.44 ,0.00 ,37.86 ,0.02 ,-0.02 ,0.03 ,0.19 ,0.85 ,2
camelscl_4501001,0.24 ,0.62 ,0.00 ,29.31 ,0.03 ,-0.02 ,0.06 ,0.20 ,0.84 ,2
camelscl_4503001,0.08 ,0.27 ,19.50 ,39.11 ,0.03 ,-0.03 ,0.02 ,0.32 ,0.99 ,2
camelscl_4511002,0.32 ,1.21 ,0.00 ,46.56 ,0.06 ,-0.04 ,0.09 ,0.53 ,0.93 ,2
camelscl_4512001,0.19 ,1.03 ,1.28 ,64.61 ,0.07 ,-0.06 ,0.06 ,0.50 ,0.93 ,2
camelscl_4513001,0.25 ,1.10 ,0.08 ,57.75 ,0.06 ,-0.04 ,0.07 ,0.44 ,1.00 ,2
camelscl_4514001,0.19 ,0.62 ,0.00 ,47.14 ,0.04 ,-0.03 ,0.05 ,0.30 ,0.98 ,2
camelscl_4520001,0.01 ,0.19 ,18.28 ,57.00 ,0.06 ,-0.04 ,0.01 ,0.53 ,0.92 ,2
camelscl_4530001,0.17 ,0.93 ,0.50 ,65.11 ,0.08 ,-0.05 ,0.06 ,0.49 ,0.95 ,2
camelscl_4532001,0.05 ,0.81 ,84.25 ,103.31 ,0.08 ,-0.05 ,0.03 ,0.53 ,0.28 ,1
camelscl_4703002,0.38 ,1.49 ,0.00 ,53.00 ,0.08 ,-0.06 ,0.08 ,0.64 ,0.64 ,3
camelscl_4721001,0.19 ,0.89 ,0.00 ,49.28 ,0.05 ,-0.04 ,0.05 ,0.36 ,1.00 ,2
camelscl_4723001,0.10 ,0.50 ,1.11 ,59.25 ,0.04 ,-0.03 ,0.04 ,0.27 ,0.95 ,2
camelscl_5200001,0.16 ,0.62 ,0.00 ,56.42 ,0.06 ,-0.04 ,0.05 ,0.29 ,0.97 ,2
camelscl_5401003,0.98 ,2.68 ,0.00 ,34.03 ,0.10 ,-0.09 ,0.13 ,0.61 ,0.49 ,2
camelscl_5402001,0.60 ,3.22 ,0.00 ,80.08 ,0.19 ,-0.16 ,0.12 ,0.66 ,0.96 ,3
camelscl_5406001,0.04 ,1.22 ,48.11 ,125.19 ,0.11 ,-0.08 ,0.03 ,0.64 ,0.56 ,3
camelscl_5706001,0.32 ,2.05 ,0.00 ,77.89 ,0.17 ,-0.16 ,0.08 ,0.78 ,0.99 ,3
camelscl_5707002,1.23 ,2.70 ,0.00 ,22.36 ,0.13 ,-0.11 ,0.17 ,0.40 ,0.77 ,2
camelscl_5722001,0.41 ,1.26 ,0.00 ,40.58 ,0.10 ,-0.07 ,0.09 ,0.49 ,0.99 ,2
camelscl_5722002,0.53 ,1.64 ,0.00 ,47.33 ,0.14 ,-0.10 ,0.11 ,0.65 ,0.70 ,3
camelscl_6013001,2.20 ,5.11 ,0.00 ,22.22 ,0.61 ,-0.38 ,0.33 ,0.26 ,0.98 ,5
camelscl_7103001,3.14 ,7.30 ,0.00 ,20.81 ,0.99 ,-0.58 ,0.46 ,0.31 ,0.94 ,5
camelscl_7104002,3.00 ,6.63 ,0.00 ,23.19 ,0.73 ,-0.40 ,0.43 ,0.29 ,0.97 ,5
camelscl_7112001,2.88 ,6.64 ,0.00 ,31.97 ,0.65 ,-0.41 ,0.42 ,0.30 ,0.97 ,5
camelscl_7115001,3.93 ,7.09 ,0.00 ,10.22 ,0.74 ,-0.39 ,0.51 ,0.37 ,0.78 ,5
camelscl_7116001,0.63 ,3.53 ,0.06 ,73.33 ,1.00 ,-0.49 ,0.22 ,0.59 ,0.62 ,4
camelscl_7355002,5.46 ,9.89 ,0.00 ,15.25 ,2.21 ,-1.25 ,0.73 ,0.44 ,0.88 ,6
camelscl_7374001,1.86 ,6.14 ,0.00 ,51.75 ,1.49 ,-0.86 ,0.45 ,0.32 ,0.93 ,5
camelscl_8130002,3.80 ,14.28 ,0.00 ,40.39 ,3.82 ,-1.65 ,0.71 ,0.36 ,0.99 ,6
camelscl_8351001,2.62 ,11.57 ,0.33 ,60.08 ,2.39 ,-0.95 ,0.55 ,0.40 ,0.50 ,6
camelsgb_11003,1.34 ,2.76 ,0.00 ,19.92 ,0.65 ,-0.30 ,0.37 ,0.26 ,0.95 ,5
camelsgb_12001,1.78 ,3.98 ,0.00 ,29.83 ,1.14 ,-0.60 ,0.59 ,0.21 ,0.97 ,5
camelsgb_12002,1.63 ,3.78 ,0.00 ,30.61 ,1.07 ,-0.56 ,0.58 ,0.22 ,0.98 ,5
camelsgb_12005,2.04 ,5.06 ,0.00 ,36.19 ,1.69 ,-0.74 ,0.73 ,0.21 ,0.85 ,5
camelsgb_12006,1.63 ,3.53 ,0.00 ,27.78 ,1.12 ,-0.58 ,0.52 ,0.22 ,0.99 ,5
camelsgb_12007,2.45 ,5.91 ,0.00 ,36.31 ,2.17 ,-1.19 ,0.85 ,0.19 ,0.44 ,5
camelsgb_2001,1.27 ,3.84 ,0.00 ,49.97 ,1.25 ,-0.67 ,0.57 ,0.33 ,0.90 ,5
camelsgb_3003,2.05 ,7.54 ,0.00 ,75.72 ,3.60 ,-2.08 ,0.95 ,0.24 ,0.78 ,6
camelsgb_50006,1.33 ,5.06 ,0.00 ,66.25 ,1.06 ,-0.42 ,0.65 ,0.32 ,0.68 ,5
camelsgb_60003,1.92 ,6.37 ,0.00 ,50.42 ,1.58 ,-0.62 ,0.72 ,0.27 ,0.81 ,5
camelsgb_6008,1.19 ,5.74 ,0.56 ,76.61 ,1.91 ,-0.96 ,0.62 ,0.35 ,0.52 ,4
camelsgb_7001,1.77 ,5.35 ,0.00 ,53.33 ,2.22 ,-1.36 ,0.79 ,0.24 ,0.51 ,5
camelsgb_7002,1.38 ,3.85 ,0.00 ,48.58 ,1.52 ,-0.89 ,0.64 ,0.27 ,0.88 ,5
camelsgb_7005,0.86 ,2.47 ,0.00 ,45.56 ,1.07 ,-0.48 ,0.41 ,0.46 ,0.56 ,4
camelsgb_72005,1.86 ,8.30 ,0.00 ,78.17 ,3.79 ,-1.62 ,1.01 ,0.24 ,0.78 ,6
camelsgb_72015,1.91 ,8.05 ,0.00 ,67.42 ,3.91 ,-1.71 ,0.98 ,0.25 ,0.81 ,6
camelsgb_79004,1.79 ,7.22 ,0.00 ,74.53 ,3.26 ,-1.44 ,0.82 ,0.26 ,0.59 ,6
camelsgb_8004,1.70 ,3.50 ,0.00 ,26.75 ,1.25 ,-0.64 ,0.55 ,0.19 ,0.97 ,5
camelsgb_8005,1.50 ,3.67 ,0.00 ,31.72 ,0.69 ,-0.37 ,0.45 ,0.22 ,0.99 ,5
camelsgb_8009,1.20 ,3.59 ,0.00 ,47.58 ,1.35 ,-0.74 ,0.53 ,0.32 ,0.93 ,5
camelsgb_8011,1.41 ,2.84 ,0.00 ,23.33 ,0.94 ,-0.45 ,0.44 ,0.23 ,0.98 ,5
camelsgb_84022,1.48 ,5.07 ,0.00 ,56.92 ,2.03 ,-1.03 ,0.61 ,0.28 ,0.79 ,5
camelsgb_89003,3.05 ,15.40 ,0.00 ,81.50 ,7.00 ,-3.66 ,1.25 ,0.22 ,0.74 ,6
camelsgb_9004,1.16 ,2.53 ,0.00 ,21.03 ,0.51 ,-0.20 ,0.35 ,0.32 ,0.85 ,5
camelsgb_93001,3.43 ,11.71 ,0.00 ,68.50 ,5.24 ,-2.92 ,1.19 ,0.20 ,0.87 ,6
camelsgb_94001,4.50 ,10.37 ,0.00 ,26.89 ,0.94 ,-0.48 ,0.92 ,0.28 ,0.76 ,6
camelsgb_95001,4.14 ,8.70 ,0.00 ,18.06 ,1.07 ,-0.48 ,0.96 ,0.29 ,0.67 ,6
camelsgb_96001,1.04 ,4.23 ,0.00 ,75.03 ,1.94 ,-1.06 ,0.65 ,0.37 ,0.56 ,4
camelsgb_96002,1.79 ,5.59 ,0.00 ,55.39 ,1.26 ,-0.63 ,0.69 ,0.26 ,0.84 ,5
camelsgb_97002,1.14 ,3.65 ,0.00 ,52.83 ,1.13 ,-0.53 ,0.57 ,0.36 ,0.77 ,5
hysets_01010070,0.75 ,4.45 ,0.00 ,71.89 ,0.84 ,-0.41 ,0.33 ,0.54 ,0.99 ,4
hysets_01022500,1.31 ,4.06 ,0.00 ,50.17 ,0.82 ,-0.31 ,0.36 ,0.33 ,0.89 ,5
hysets_01031500,0.90 ,4.34 ,0.00 ,71.69 ,1.27 ,-0.49 ,0.35 ,0.46 ,0.99 ,4
hysets_01038000,0.98 ,3.74 ,0.00 ,64.58 ,0.60 ,-0.21 ,0.29 ,0.43 ,0.71 ,4
hysets_01047000,0.99 ,4.48 ,0.00 ,68.64 ,1.30 ,-0.54 ,0.38 ,0.43 ,0.96 ,4
hysets_01054200,1.20 ,5.58 ,0.00 ,63.81 ,2.62 ,-1.02 ,0.49 ,0.38 ,0.54 ,4
hysets_01055000,0.99 ,4.69 ,0.00 ,65.86 ,1.85 ,-0.77 ,0.45 ,0.44 ,0.91 ,4
hysets_01057000,0.93 ,3.86 ,0.00 ,61.44 ,1.15 ,-0.46 ,0.31 ,0.44 ,0.86 ,4
hysets_01064500,1.41 ,4.99 ,0.00 ,53.06 ,1.51 ,-0.58 ,0.40 ,0.33 ,0.93 ,5
hysets_01076500,1.26 ,4.28 ,0.00 ,52.28 ,1.26 ,-0.57 ,0.40 ,0.35 ,0.87 ,5
hysets_01078000,0.90 ,3.50 ,0.00 ,58.61 ,0.81 ,-0.37 ,0.32 ,0.46 ,0.81 ,4
hysets_01096000,1.06 ,3.38 ,0.00 ,46.33 ,0.79 ,-0.36 ,0.29 ,0.41 ,0.36 ,5
hysets_01118000,1.58 ,3.67 ,0.00 ,25.08 ,0.64 ,-0.26 ,0.33 ,0.31 ,0.96 ,5
hysets_01134500,1.09 ,4.07 ,0.00 ,55.92 ,1.19 ,-0.56 ,0.40 ,0.38 ,0.53 ,5
hysets_01137500,1.36 ,4.61 ,0.00 ,49.42 ,1.43 ,-0.68 ,0.44 ,0.33 ,0.96 ,5
hysets_01169000,1.20 ,4.45 ,0.00 ,55.08 ,1.56 ,-0.66 ,0.40 ,0.35 ,0.76 ,5
hysets_01174500,1.15 ,3.23 ,5.39 ,40.89 ,0.67 ,-0.31 ,0.30 ,0.35 ,0.71 ,5
hysets_01181000,1.13 ,4.11 ,0.00 ,53.67 ,1.54 ,-0.64 ,0.35 ,0.36 ,0.67 ,5
hysets_01439500,1.33 ,3.62 ,0.00 ,41.36 ,0.81 ,-0.29 ,0.31 ,0.29 ,0.92 ,5
hysets_01440000,1.16 ,3.26 ,0.00 ,37.97 ,0.98 ,-0.40 ,0.31 ,0.34 ,0.84 ,5
hysets_01447500,1.41 ,3.56 ,0.00 ,31.83 ,0.94 ,-0.37 ,0.34 ,0.26 ,0.98 ,5
hysets_01543000,0.82 ,3.18 ,0.00 ,66.25 ,1.01 ,-0.41 ,0.33 ,0.47 ,0.93 ,4
hysets_01543500,0.89 ,3.15 ,0.00 ,58.33 ,0.90 ,-0.36 ,0.31 ,0.45 ,0.72 ,4
hysets_01544500,0.87 ,3.21 ,0.00 ,58.14 ,0.76 ,-0.33 ,0.30 ,0.45 ,0.67 ,4
hysets_01545600,0.86 ,3.00 ,0.00 ,53.58 ,0.63 ,-0.25 ,0.27 ,0.48 ,0.46 ,4
hysets_01550000,0.88 ,3.26 ,0.00 ,55.31 ,1.14 ,-0.42 ,0.32 ,0.44 ,0.68 ,4
hysets_01552000,0.97 ,3.21 ,0.00 ,48.94 ,1.15 ,-0.45 ,0.31 ,0.40 ,0.41 ,5
hysets_01605500,0.50 ,2.08 ,0.00 ,58.14 ,0.70 ,-0.26 ,0.19 ,0.80 ,0.99 ,3
hysets_01606500,0.60 ,2.44 ,0.00 ,59.64 ,0.73 ,-0.30 ,0.22 ,0.68 ,0.95 ,3
hysets_01611500,0.37 ,1.85 ,0.00 ,68.44 ,0.56 ,-0.24 ,0.16 ,0.70 ,0.99 ,3
hysets_01665500,0.76 ,2.43 ,0.03 ,37.28 ,0.96 ,-0.33 ,0.23 ,0.57 ,0.45 ,2
hysets_01669520,0.72 ,1.91 ,6.19 ,34.75 ,0.31 ,-0.16 ,0.16 ,0.70 ,0.71 ,3
hysets_01673800,0.37 ,1.90 ,8.92 ,64.42 ,0.92 ,-0.44 ,0.20 ,0.72 ,0.99 ,3
hysets_01AJ010,0.92 ,4.01 ,0.00 ,70.42 ,1.08 ,-0.41 ,0.35 ,0.45 ,0.97 ,4
hysets_01AK001,1.00 ,4.00 ,0.00 ,63.83 ,0.50 ,-0.19 ,0.30 ,0.43 ,0.71 ,4
hysets_01AK007,0.61 ,3.90 ,0.22 ,91.69 ,1.04 ,-0.43 ,0.32 ,0.54 ,0.95 ,4
hysets_01AL002,1.13 ,4.67 ,0.00 ,60.86 ,1.05 ,-0.41 ,0.37 ,0.40 ,0.71 ,4
hysets_01AM001,0.95 ,4.29 ,1.17 ,70.53 ,1.14 ,-0.42 ,0.36 ,0.44 ,0.97 ,4
hysets_01AN002,0.86 ,3.96 ,0.00 ,70.75 ,0.79 ,-0.31 ,0.30 ,0.49 ,0.96 ,4
hysets_01AP002,0.76 ,3.86 ,0.00 ,80.58 ,1.07 ,-0.42 ,0.33 ,0.50 ,0.99 ,4
hysets_01AQ001,1.68 ,4.98 ,0.00 ,52.61 ,1.43 ,-0.50 ,0.45 ,0.27 ,0.98 ,5
hysets_01BG005,1.12 ,4.94 ,0.00 ,55.11 ,0.71 ,-0.28 ,0.38 ,0.48 ,0.90 ,4
hysets_01BJ003,0.72 ,4.72 ,0.00 ,75.28 ,0.77 ,-0.29 ,0.30 ,0.58 ,0.91 ,4
hysets_01BL002,1.01 ,3.87 ,0.00 ,47.94 ,0.62 ,-0.23 ,0.29 ,0.47 ,0.51 ,4
hysets_01BQ001,0.95 ,4.32 ,0.00 ,64.64 ,0.74 ,-0.29 ,0.32 ,0.47 ,0.93 ,4
hysets_01BS001,0.76 ,4.11 ,0.00 ,77.36 ,1.09 ,-0.43 ,0.34 ,0.51 ,1.00 ,4
hysets_01BU002,0.75 ,3.68 ,0.00 ,74.83 ,1.03 ,-0.40 ,0.34 ,0.52 ,0.99 ,4
hysets_01BV006,1.82 ,6.18 ,0.00 ,53.75 ,2.46 ,-0.87 ,0.62 ,0.29 ,0.79 ,5
hysets_01DR001,1.29 ,4.17 ,0.00 ,58.08 ,1.69 ,-0.62 ,0.45 ,0.34 ,0.80 ,5
hysets_01EC001,2.38 ,5.29 ,0.00 ,23.06 ,0.36 ,-0.19 ,0.44 ,0.28 ,0.99 ,5
hysets_01ED007,1.76 ,4.87 ,0.00 ,42.97 ,0.43 ,-0.19 ,0.39 ,0.30 ,0.98 ,5
hysets_01EF001,1.68 ,4.72 ,0.00 ,44.19 ,0.68 ,-0.27 ,0.39 ,0.32 ,0.99 ,5
hysets_01EO001,1.73 ,4.99 ,0.00 ,50.67 ,1.44 ,-0.59 ,0.48 ,0.28 ,0.99 ,5
hysets_01FB001,2.48 ,7.21 ,0.00 ,43.08 ,2.56 ,-0.91 ,0.67 ,0.27 ,0.65 ,5
hysets_01FB003,2.85 ,5.11 ,0.00 ,4.81 ,0.36 ,-0.12 ,0.48 ,0.37 ,0.89 ,5
hysets_02011400,0.51 ,2.06 ,0.00 ,58.19 ,0.71 ,-0.26 ,0.20 ,0.80 ,0.99 ,3
hysets_02011460,0.65 ,2.99 ,0.00 ,68.28 ,1.28 ,-0.50 ,0.29 ,0.56 ,0.85 ,4
hysets_02013000,0.39 ,2.23 ,0.00 ,75.25 ,1.00 ,-0.39 ,0.22 ,0.82 ,0.99 ,3
hysets_02014000,0.54 ,2.27 ,0.00 ,59.72 ,0.71 ,-0.28 ,0.22 ,0.74 ,0.99 ,3
hysets_02015700,0.73 ,2.60 ,0.00 ,48.06 ,1.04 ,-0.41 ,0.27 ,0.56 ,0.53 ,4
hysets_02016000,0.54 ,2.34 ,0.00 ,62.06 ,0.92 ,-0.37 ,0.24 ,0.69 ,0.96 ,3
hysets_02017500,0.55 ,2.57 ,0.00 ,72.75 ,0.78 ,-0.29 ,0.24 ,0.67 ,0.97 ,3
hysets_02018000,0.53 ,2.39 ,0.00 ,64.72 ,0.80 ,-0.31 ,0.22 ,0.71 ,0.99 ,3
hysets_02020500,0.45 ,2.59 ,0.11 ,71.56 ,1.27 ,-0.47 ,0.26 ,0.70 ,0.96 ,3
hysets_02021500,0.47 ,2.51 ,0.00 ,78.14 ,1.03 ,-0.39 ,0.25 ,0.70 ,0.99 ,3
hysets_02027000,1.00 ,3.11 ,0.00 ,45.28 ,0.96 ,-0.34 ,0.29 ,0.40 ,0.39 ,2
hysets_02028500,0.82 ,2.74 ,1.19 ,48.67 ,0.94 ,-0.33 ,0.27 ,0.47 ,0.48 ,2
hysets_02030000,0.62 ,1.88 ,1.19 ,38.50 ,0.80 ,-0.33 ,0.20 ,0.76 ,0.86 ,3
hysets_02041000,0.39 ,1.72 ,4.78 ,52.00 ,0.63 ,-0.32 ,0.16 ,0.63 ,0.71 ,3
hysets_02046000,0.35 ,1.79 ,4.06 ,68.89 ,0.76 ,-0.32 ,0.17 ,0.66 ,0.96 ,3
hysets_02112120,0.97 ,2.01 ,0.00 ,18.64 ,0.70 ,-0.29 ,0.22 ,0.41 ,0.70 ,2
hysets_02177000,2.24 ,4.45 ,0.00 ,16.72 ,1.07 ,-0.38 ,0.39 ,0.20 ,0.98 ,5
hysets_02212600,0.21 ,1.75 ,20.67 ,77.56 ,1.05 ,-0.43 ,0.16 ,0.67 ,0.96 ,3
hysets_02325000,0.77 ,1.58 ,0.00 ,23.14 ,0.08 ,-0.04 ,0.14 ,0.71 ,0.57 ,3
hysets_02326000,0.24 ,1.46 ,4.75 ,98.00 ,0.10 ,-0.05 ,0.09 ,0.55 ,0.50 ,3
hysets_02327100,0.40 ,3.80 ,0.00 ,113.67 ,0.92 ,-0.38 ,0.23 ,0.55 ,0.59 ,4
hysets_02330450,2.13 ,4.36 ,0.00 ,17.69 ,1.13 ,-0.39 ,0.39 ,0.21 ,0.98 ,5
hysets_02331600,1.74 ,3.28 ,0.00 ,13.56 ,0.88 ,-0.36 ,0.31 ,0.20 ,0.92 ,5
hysets_02373000,0.39 ,2.94 ,0.00 ,86.75 ,0.67 ,-0.32 ,0.19 ,0.71 ,1.00 ,3
hysets_02374500,0.96 ,2.39 ,0.00 ,29.64 ,0.60 ,-0.30 ,0.23 ,0.43 ,0.76 ,2
hysets_02380500,1.43 ,3.02 ,0.00 ,18.92 ,0.74 ,-0.29 ,0.28 ,0.25 ,0.88 ,5
hysets_02401390,0.62 ,3.71 ,0.00 ,78.39 ,1.85 ,-0.70 ,0.31 ,0.53 ,0.96 ,4
hysets_02450250,0.48 ,3.89 ,0.00 ,92.72 ,2.14 ,-0.79 ,0.31 ,0.59 ,0.81 ,4
hysets_02469800,0.47 ,2.85 ,0.00 ,75.39 ,1.22 ,-0.49 ,0.26 ,0.66 ,0.86 ,3
hysets_02477990,0.47 ,2.96 ,0.00 ,81.58 ,0.54 ,-0.25 ,0.20 ,0.69 ,1.00 ,3
hysets_02479155,0.57 ,3.29 ,0.00 ,70.83 ,1.89 ,-0.82 ,0.32 ,0.57 ,0.88 ,4
hysets_02479300,0.89 ,3.33 ,0.00 ,54.56 ,0.83 ,-0.39 ,0.25 ,0.44 ,0.44 ,4
hysets_02479560,0.87 ,3.47 ,0.00 ,63.81 ,0.75 ,-0.32 ,0.27 ,0.43 ,0.66 ,4
hysets_02481000,0.59 ,3.97 ,0.00 ,80.72 ,2.15 ,-0.86 ,0.37 ,0.52 ,0.95 ,4
hysets_02AB017,0.26 ,2.07 ,0.53 ,81.50 ,0.39 ,-0.17 ,0.20 ,0.74 ,1.00 ,3
hysets_02AC001,0.37 ,1.84 ,0.00 ,66.50 ,0.18 ,-0.08 ,0.15 ,0.71 ,0.99 ,3
hysets_02AD010,0.47 ,2.22 ,0.00 ,68.92 ,0.13 ,-0.07 ,0.20 ,0.83 ,0.99 ,3
hysets_02BA003,0.52 ,2.24 ,0.00 ,66.61 ,0.31 ,-0.11 ,0.22 ,0.83 ,0.99 ,3
hysets_02BF001,0.76 ,3.25 ,0.00 ,61.78 ,0.42 ,-0.17 ,0.28 ,0.55 ,0.66 ,4
hysets_02BF002,0.69 ,2.86 ,0.00 ,59.44 ,0.36 ,-0.13 ,0.25 ,0.62 ,0.66 ,3
hysets_02CB003,0.53 ,2.28 ,0.00 ,56.75 ,0.18 ,-0.07 ,0.18 ,0.83 ,0.97 ,3
hysets_02CD006,0.96 ,2.56 ,0.72 ,36.08 ,0.16 ,-0.07 ,0.22 ,0.49 ,0.79 ,2
hysets_02DD015,0.82 ,2.95 ,0.00 ,55.75 ,0.46 ,-0.19 ,0.28 ,0.53 ,0.57 ,4
hysets_02HL003,0.64 ,2.37 ,0.31 ,61.19 ,0.23 ,-0.12 ,0.18 ,0.72 ,0.99 ,3
hysets_02HL004,0.61 ,2.40 ,0.00 ,66.03 ,0.22 ,-0.11 ,0.17 ,0.74 ,1.00 ,3
hysets_02JC008,0.61 ,2.51 ,0.00 ,54.83 ,0.20 ,-0.08 ,0.21 ,0.77 ,0.97 ,3
hysets_02NF003,0.97 ,3.21 ,0.00 ,40.17 ,0.22 ,-0.11 ,0.27 ,0.50 ,0.56 ,2
hysets_02OE027,0.75 ,3.52 ,0.00 ,65.69 ,1.44 ,-0.62 ,0.35 ,0.51 ,0.98 ,4
hysets_02PG006,0.70 ,3.86 ,0.00 ,68.86 ,0.51 ,-0.23 ,0.24 ,0.60 ,0.50 ,3
hysets_02PJ030,0.78 ,4.07 ,0.00 ,70.28 ,1.24 ,-0.52 ,0.37 ,0.52 ,1.00 ,4
hysets_02QA002,0.84 ,4.17 ,0.00 ,53.61 ,0.36 ,-0.16 ,0.27 ,0.56 ,0.61 ,4
hysets_02QC009,1.28 ,6.06 ,0.00 ,54.64 ,0.98 ,-0.34 ,0.43 ,0.44 ,0.71 ,4
hysets_02RC011,0.90 ,3.10 ,0.00 ,46.67 ,0.29 ,-0.12 ,0.26 ,0.54 ,0.43 ,2
hysets_02RH027,1.43 ,4.64 ,0.00 ,38.47 ,0.59 ,-0.25 ,0.40 ,0.40 ,0.87 ,5
hysets_02RH035,1.37 ,4.37 ,0.00 ,43.50 ,0.48 ,-0.21 ,0.38 ,0.40 ,0.74 ,5
hysets_02RH045,1.71 ,5.54 ,0.00 ,45.08 ,0.90 ,-0.37 ,0.47 ,0.37 ,0.97 ,5
hysets_02YC001,2.03 ,6.79 ,0.00 ,50.19 ,0.62 ,-0.29 ,0.50 ,0.30 ,0.96 ,5
hysets_02YD002,1.24 ,5.53 ,0.00 ,65.33 ,0.46 ,-0.18 ,0.38 ,0.40 ,0.71 ,4
hysets_02YJ001,2.41 ,6.54 ,0.00 ,41.03 ,1.61 ,-0.53 ,0.62 ,0.24 ,0.94 ,5
hysets_02YK002,2.15 ,6.24 ,0.00 ,49.31 ,0.89 ,-0.37 ,0.57 ,0.24 ,0.96 ,5
hysets_02YK005,1.60 ,4.84 ,0.00 ,41.14 ,0.43 ,-0.15 ,0.36 ,0.28 ,0.97 ,5
hysets_02YN002,2.20 ,7.01 ,0.00 ,53.14 ,1.06 ,-0.44 ,0.55 ,0.26 ,0.94 ,5
hysets_02YO006,1.20 ,4.14 ,0.00 ,58.33 ,0.87 ,-0.41 ,0.36 ,0.34 ,0.71 ,5
hysets_02YO008,1.34 ,4.52 ,0.00 ,54.33 ,1.09 ,-0.45 ,0.41 ,0.34 ,0.90 ,5
hysets_02YR001,1.74 ,3.88 ,0.00 ,24.58 ,0.25 ,-0.11 ,0.32 ,0.26 ,0.94 ,5
hysets_02YR003,1.55 ,3.70 ,0.00 ,28.36 ,0.22 ,-0.10 ,0.30 ,0.29 ,0.88 ,5
hysets_02ZB001,2.55 ,10.59 ,0.00 ,79.08 ,5.87 ,-2.11 ,1.09 ,0.26 ,0.88 ,6
hysets_02ZC002,2.16 ,8.49 ,0.00 ,67.75 ,5.82 ,-2.18 ,0.87 ,0.24 ,0.80 ,6
hysets_02ZF001,2.35 ,4.90 ,0.00 ,18.61 ,0.68 ,-0.20 ,0.47 ,0.24 ,0.98 ,5
hysets_02ZG001,2.87 ,5.89 ,0.00 ,26.56 ,1.04 ,-0.52 ,0.59 ,0.22 ,0.95 ,5
hysets_02ZG003,2.08 ,5.82 ,0.00 ,57.33 ,2.67 ,-1.07 ,0.65 ,0.21 ,0.68 ,5
hysets_02ZH001,1.94 ,5.10 ,0.00 ,41.36 ,1.23 ,-0.42 ,0.51 ,0.25 ,1.00 ,5
hysets_02ZK001,2.19 ,5.28 ,0.00 ,39.11 ,2.12 ,-0.79 ,0.66 ,0.22 ,0.88 ,5
hysets_02ZK004,2.34 ,7.06 ,0.00 ,52.06 ,3.19 ,-1.37 ,0.84 ,0.23 ,0.71 ,6
hysets_03010500,1.02 ,3.19 ,0.00 ,51.78 ,0.65 ,-0.27 ,0.31 ,0.41 ,0.35 ,2
hysets_03010655,0.83 ,2.92 ,0.00 ,58.33 ,0.73 ,-0.28 ,0.30 ,0.49 ,0.71 ,4
hysets_03011800,1.24 ,3.47 ,0.00 ,42.33 ,1.08 ,-0.43 ,0.37 ,0.33 ,0.96 ,5
hysets_03021350,1.12 ,4.30 ,0.00 ,62.03 ,2.06 ,-0.93 ,0.46 ,0.37 ,0.50 ,4
hysets_03028000,1.21 ,3.61 ,0.00 ,47.31 ,1.08 ,-0.41 ,0.38 ,0.34 ,0.92 ,5
hysets_03065000,1.28 ,4.13 ,0.00 ,50.19 ,1.57 ,-0.68 ,0.46 ,0.35 ,0.89 ,5
hysets_03070500,1.12 ,3.83 ,0.00 ,55.64 ,1.45 ,-0.60 ,0.40 ,0.38 ,0.56 ,5
hysets_03072000,0.46 ,2.63 ,0.00 ,81.53 ,1.06 ,-0.47 ,0.23 ,0.69 ,0.98 ,3
hysets_03110000,0.54 ,2.22 ,0.00 ,63.75 ,0.80 ,-0.31 ,0.22 ,0.75 ,1.00 ,3
hysets_03151400,0.93 ,3.63 ,1.89 ,62.89 ,1.61 ,-0.68 ,0.35 ,0.44 ,0.90 ,4
hysets_03159540,0.32 ,2.31 ,9.00 ,85.75 ,1.36 ,-0.58 ,0.24 ,0.79 ,0.98 ,3
hysets_03180500,1.04 ,3.92 ,0.17 ,60.67 ,1.30 ,-0.56 ,0.39 ,0.40 ,0.73 ,4
hysets_03182500,0.78 ,3.33 ,0.00 ,65.11 ,1.23 ,-0.54 ,0.33 ,0.50 ,0.96 ,4
hysets_03186500,1.40 ,4.65 ,0.08 ,59.72 ,2.05 ,-0.83 ,0.48 ,0.31 ,0.79 ,5
hysets_03187500,1.59 ,4.83 ,0.33 ,49.97 ,2.08 ,-0.85 ,0.51 ,0.30 ,0.92 ,5
hysets_03189100,1.46 ,4.65 ,0.00 ,50.81 ,1.74 ,-0.73 ,0.46 ,0.33 ,0.93 ,5
hysets_03194700,1.36 ,4.44 ,0.00 ,54.50 ,1.63 ,-0.70 ,0.43 ,0.34 ,0.85 ,5
hysets_03198500,0.70 ,2.72 ,0.00 ,60.64 ,0.79 ,-0.36 ,0.24 ,0.58 ,0.47 ,4
hysets_03202400,0.71 ,2.62 ,0.00 ,54.28 ,0.71 ,-0.32 ,0.24 ,0.61 ,0.55 ,3
hysets_03202750,0.66 ,2.93 ,0.00 ,67.56 ,1.13 ,-0.48 ,0.28 ,0.57 ,0.81 ,4
hysets_03207800,0.63 ,2.39 ,0.00 ,59.22 ,0.76 ,-0.32 ,0.23 ,0.66 ,0.91 ,3
hysets_03208500,0.55 ,2.51 ,0.00 ,67.97 ,0.96 ,-0.41 ,0.24 ,0.67 ,0.96 ,3
hysets_03210000,0.50 ,2.32 ,0.00 ,66.22 ,0.89 ,-0.41 ,0.23 ,0.73 ,0.99 ,3
hysets_03217000,0.43 ,2.72 ,11.94 ,85.14 ,1.53 ,-0.58 ,0.26 ,0.66 ,0.82 ,3
hysets_03280700,0.52 ,2.88 ,0.64 ,75.00 ,1.38 ,-0.58 ,0.28 ,0.62 ,0.54 ,4
hysets_03460000,1.63 ,3.69 ,0.00 ,21.03 ,0.91 ,-0.34 ,0.36 ,0.27 ,0.98 ,5
hysets_03497300,1.72 ,4.49 ,0.00 ,32.53 ,1.39 ,-0.53 ,0.42 ,0.27 ,1.00 ,5
hysets_03512000,2.04 ,4.29 ,0.00 ,18.97 ,1.15 ,-0.45 ,0.46 ,0.24 ,0.99 ,5
hysets_03574500,0.68 ,4.39 ,0.00 ,80.56 ,1.86 ,-0.69 ,0.32 ,0.51 ,0.98 ,4
hysets_04015330,0.25 ,2.62 ,4.75 ,90.03 ,1.07 ,-0.45 ,0.28 ,0.84 ,0.97 ,3
hysets_04024430,0.33 ,2.03 ,0.00 ,77.64 ,0.52 ,-0.24 ,0.19 ,0.75 ,1.00 ,3
hysets_04025500,1.18 ,1.89 ,0.00 ,4.00 ,0.14 ,-0.07 ,0.22 ,0.24 ,0.54 ,5
hysets_04057510,0.60 ,1.65 ,0.00 ,35.17 ,0.19 ,-0.08 ,0.17 ,0.69 ,0.70 ,3
hysets_04063700,0.41 ,1.38 ,0.00 ,47.50 ,0.12 ,-0.07 ,0.13 ,0.55 ,0.84 ,2
hysets_04256000,1.38 ,3.91 ,0.00 ,43.00 ,1.04 ,-0.51 ,0.41 ,0.29 ,0.99 ,5
hysets_04262500,1.38 ,3.70 ,0.00 ,42.17 ,0.61 ,-0.31 ,0.36 ,0.28 ,0.97 ,5
hysets_04269000,1.23 ,3.05 ,0.00 ,31.08 ,0.42 ,-0.23 ,0.30 ,0.32 ,0.81 ,5
hysets_04287000,0.99 ,3.51 ,0.00 ,49.25 ,1.03 ,-0.43 ,0.32 ,0.42 ,0.46 ,4
hysets_04296000,0.94 ,3.27 ,0.00 ,56.47 ,0.71 ,-0.33 ,0.31 ,0.45 ,0.65 ,4
hysets_05AA008,0.52 ,2.45 ,0.00 ,62.92 ,0.14 ,-0.08 ,0.25 ,0.91 ,0.94 ,3
hysets_05BG006,0.31 ,1.49 ,0.00 ,58.83 ,0.19 ,-0.12 ,0.18 ,0.58 ,0.46 ,2
hysets_05BJ004,0.58 ,2.05 ,0.00 ,39.72 ,0.16 ,-0.09 ,0.22 ,0.83 ,0.89 ,3
hysets_05BL022,0.29 ,3.01 ,0.03 ,90.11 ,0.29 ,-0.17 ,0.27 ,0.92 ,0.94 ,3
hysets_05DA007,0.76 ,6.09 ,0.00 ,116.56 ,0.28 ,-0.20 ,0.51 ,0.70 ,0.51 ,4
hysets_05DA009,0.64 ,6.77 ,0.00 ,127.14 ,0.31 ,-0.26 ,0.52 ,0.70 ,0.50 ,4
hysets_05DC006,0.38 ,1.71 ,0.00 ,55.28 ,0.17 ,-0.10 ,0.19 ,0.65 ,0.84 ,3
hysets_05DD009,0.23 ,1.25 ,0.00 ,63.92 ,0.20 ,-0.12 ,0.16 ,0.52 ,0.81 ,2
hysets_05PB018,0.50 ,1.40 ,1.14 ,39.56 ,0.09 ,-0.04 ,0.14 ,0.55 ,0.85 ,2
hysets_05QE008,0.48 ,1.08 ,0.00 ,24.39 ,0.03 ,-0.01 ,0.12 ,0.31 ,0.93 ,2
hysets_05QE009,0.35 ,1.09 ,0.00 ,48.89 ,0.04 ,-0.02 ,0.12 ,0.41 ,1.00 ,2
hysets_05QE012,0.39 ,1.15 ,0.00 ,44.69 ,0.03 ,-0.02 ,0.12 ,0.40 ,1.00 ,2
hysets_05TG002,0.18 ,1.07 ,2.39 ,80.56 ,0.08 ,-0.04 ,0.11 ,0.53 ,0.53 ,2
hysets_05UF004,0.40 ,2.50 ,2.14 ,91.94 ,0.13 ,-0.06 ,0.25 ,0.82 ,0.98 ,3
hysets_06019500,0.21 ,0.65 ,0.00 ,30.75 ,0.04 ,-0.04 ,0.07 ,0.46 ,0.99 ,2
hysets_06191000,0.57 ,2.21 ,0.00 ,42.28 ,0.10 ,-0.07 ,0.22 ,0.92 ,0.87 ,3
hysets_06200000,0.31 ,2.77 ,0.00 ,71.42 ,0.16 ,-0.11 ,0.17 ,0.93 ,0.95 ,3
hysets_06224000,0.39 ,4.14 ,0.00 ,113.58 ,0.22 ,-0.15 ,0.26 ,0.81 ,0.89 ,3
hysets_06289000,0.41 ,1.74 ,0.00 ,47.67 ,0.09 ,-0.05 ,0.16 ,0.78 ,0.94 ,3
hysets_06309200,0.15 ,1.80 ,0.00 ,71.56 ,0.20 ,-0.13 ,0.18 ,0.81 ,0.99 ,3
hysets_06332515,0.00 ,0.19 ,237.42 ,117.67 ,0.25 ,-0.15 ,0.01 ,0.60 ,0.99 ,1
hysets_06339100,0.01 ,0.21 ,145.44 ,58.11 ,0.24 ,-0.13 ,0.02 ,0.44 ,0.45 ,2
hysets_06344600,0.01 ,0.24 ,148.17 ,59.17 ,0.31 ,-0.16 ,0.02 ,0.43 ,0.44 ,2
hysets_06400875,0.00 ,0.12 ,279.03 ,51.58 ,0.37 ,-0.18 ,0.02 ,0.78 ,0.90 ,1
hysets_06404000,0.04 ,0.43 ,47.50 ,83.00 ,0.12 ,-0.07 ,0.05 ,0.35 ,0.85 ,2
hysets_06406000,0.04 ,0.22 ,4.36 ,79.94 ,0.08 ,-0.05 ,0.03 ,0.19 ,0.76 ,2
hysets_06409000,0.15 ,0.25 ,0.00 ,8.94 ,0.03 ,-0.02 ,0.03 ,0.39 ,0.92 ,2
hysets_06422500,0.09 ,0.54 ,0.39 ,66.75 ,0.07 ,-0.05 ,0.05 ,0.26 ,0.92 ,2
hysets_06623800,0.40 ,4.74 ,0.00 ,76.19 ,0.21 ,-0.15 ,0.29 ,0.85 ,0.96 ,3
hysets_06712000,0.03 ,0.12 ,2.47 ,40.11 ,0.05 ,-0.04 ,0.01 ,0.43 ,1.00 ,2
hysets_06719505,0.20 ,1.27 ,0.00 ,74.17 ,0.06 ,-0.04 ,0.11 ,0.67 ,0.95 ,3
hysets_06876700,0.03 ,0.43 ,36.06 ,74.00 ,0.21 ,-0.11 ,0.04 ,0.39 ,0.94 ,2
hysets_06FD002,0.22 ,1.59 ,9.22 ,92.72 ,0.23 ,-0.08 ,0.19 ,0.68 ,0.96 ,3
hysets_07060710,0.20 ,1.91 ,0.00 ,82.22 ,1.32 ,-0.50 ,0.16 ,0.73 ,0.99 ,3
hysets_07124200,0.06 ,0.34 ,0.33 ,71.83 ,0.05 ,-0.04 ,0.03 ,0.34 ,0.95 ,2
hysets_07203000,0.03 ,0.14 ,13.00 ,53.11 ,0.04 ,-0.03 ,0.02 ,0.39 ,1.00 ,2
hysets_07207500,0.02 ,0.21 ,44.89 ,78.25 ,0.05 ,-0.03 ,0.02 ,0.32 ,0.88 ,2
hysets_07208500,0.08 ,0.50 ,0.00 ,66.42 ,0.05 ,-0.03 ,0.04 ,0.30 ,0.95 ,2
hysets_07291000,0.43 ,2.95 ,0.00 ,55.31 ,2.04 ,-0.84 ,0.27 ,0.73 ,0.74 ,3
hysets_07299670,0.03 ,0.21 ,0.08 ,31.03 ,0.29 ,-0.19 ,0.02 ,0.37 ,0.99 ,2
hysets_07315200,0.00 ,0.59 ,252.67 ,102.42 ,1.30 ,-0.59 ,0.05 ,0.79 ,0.99 ,1
hysets_07315700,0.02 ,1.00 ,129.33 ,105.36 ,0.90 ,-0.42 ,0.07 ,0.72 ,0.91 ,1
hysets_07335700,0.64 ,4.83 ,48.19 ,91.08 ,4.13 ,-1.20 ,0.43 ,0.47 ,0.63 ,4
hysets_07337900,0.39 ,3.55 ,23.67 ,90.03 ,2.92 ,-0.89 ,0.30 ,0.61 ,0.64 ,4
hysets_07340300,0.63 ,4.08 ,0.00 ,75.61 ,3.00 ,-0.99 ,0.39 ,0.51 ,0.86 ,4
hysets_07352000,0.29 ,2.62 ,0.00 ,98.75 ,0.66 ,-0.38 ,0.16 ,0.77 ,0.98 ,3
hysets_07361500,0.41 ,3.61 ,32.89 ,97.61 ,2.59 ,-0.84 ,0.30 ,0.58 ,0.69 ,4
hysets_07362100,0.21 ,2.63 ,21.83 ,106.39 ,0.74 ,-0.40 ,0.15 ,0.80 ,0.95 ,3
hysets_07373000,0.52 ,2.50 ,0.00 ,38.00 ,1.52 ,-0.64 ,0.22 ,0.74 ,0.75 ,3
hysets_07376000,0.59 ,3.14 ,0.00 ,52.58 ,0.81 ,-0.40 ,0.21 ,0.66 ,0.80 ,3
hysets_07377000,0.67 ,3.12 ,0.00 ,45.92 ,1.15 ,-0.51 ,0.24 ,0.61 ,0.40 ,3
hysets_07AA001,0.47 ,4.14 ,0.00 ,101.03 ,0.28 ,-0.19 ,0.32 ,0.78 ,0.93 ,3
hysets_07AG003,0.14 ,1.12 ,0.00 ,77.25 ,0.17 ,-0.10 ,0.13 ,0.54 ,0.51 ,2
hysets_07BJ001,0.14 ,1.60 ,5.69 ,100.92 ,0.36 ,-0.20 ,0.20 ,0.65 ,0.89 ,3
hysets_07EA007,0.69 ,4.17 ,0.00 ,86.97 ,0.28 ,-0.17 ,0.47 ,0.69 ,0.55 ,3
hysets_07EC004,0.66 ,4.43 ,0.00 ,74.89 ,0.22 ,-0.14 ,0.37 ,0.72 ,0.87 ,3
hysets_07EE009,0.53 ,4.05 ,0.00 ,70.61 ,0.30 ,-0.18 ,0.29 ,0.74 ,0.98 ,3
hysets_07FB008,0.20 ,1.95 ,0.00 ,91.08 ,0.08 ,-0.05 ,0.18 ,0.78 ,0.99 ,3
hysets_07FB009,0.19 ,2.10 ,0.22 ,92.83 ,0.29 ,-0.18 ,0.19 ,0.79 ,0.99 ,3
hysets_07FC003,0.02 ,0.82 ,90.72 ,110.03 ,0.28 ,-0.15 ,0.11 ,0.65 ,0.42 ,1
hysets_07GG001,0.09 ,1.08 ,3.58 ,95.03 ,0.21 ,-0.12 ,0.13 ,0.57 ,0.61 ,3
hysets_07MA003,0.41 ,0.71 ,0.00 ,8.81 ,0.02 ,-0.02 ,0.10 ,0.20 ,0.70 ,2
hysets_07SB013,0.03 ,0.42 ,114.28 ,98.81 ,0.06 ,-0.03 ,0.04 ,0.49 ,0.46 ,1
hysets_08013000,0.25 ,3.73 ,0.00 ,113.61 ,0.68 ,-0.43 ,0.18 ,0.69 ,0.82 ,3
hysets_08013500,0.31 ,3.36 ,0.00 ,104.67 ,0.55 ,-0.31 ,0.17 ,0.69 ,0.92 ,3
hysets_08014500,0.59 ,3.05 ,0.00 ,62.17 ,0.72 ,-0.34 ,0.19 ,0.62 ,0.73 ,3
hysets_08025500,0.20 ,2.71 ,4.33 ,89.00 ,1.42 ,-0.60 ,0.23 ,0.82 ,0.97 ,3
hysets_08029500,0.48 ,2.08 ,0.00 ,45.00 ,0.98 ,-0.45 ,0.19 ,0.79 ,0.92 ,3
hysets_08065800,0.02 ,1.58 ,107.39 ,119.31 ,1.32 ,-0.66 ,0.12 ,0.80 ,0.63 ,1
hysets_08066170,0.05 ,2.14 ,13.75 ,97.67 ,2.72 ,-1.09 ,0.20 ,0.84 ,0.74 ,3
hysets_08066200,0.09 ,1.99 ,18.92 ,89.39 ,1.90 ,-0.82 ,0.21 ,0.81 ,0.90 ,3
hysets_08068720,0.01 ,1.14 ,137.33 ,134.58 ,0.60 ,-0.31 ,0.10 ,0.72 ,0.89 ,1
hysets_08070000,0.16 ,1.64 ,0.00 ,76.14 ,0.67 ,-0.35 ,0.12 ,0.73 ,1.00 ,3
hysets_08082700,0.00 ,0.25 ,305.36 ,49.72 ,0.88 ,-0.42 ,0.03 ,0.77 ,0.88 ,1
hysets_08084800,0.00 ,0.22 ,179.00 ,176.08 ,0.31 ,-0.16 ,0.02 ,0.44 ,0.69 ,1
hysets_08086212,0.00 ,0.22 ,248.75 ,106.33 ,0.76 ,-0.31 ,0.02 ,0.57 ,0.99 ,1
hysets_08150800,0.02 ,0.21 ,70.44 ,65.56 ,0.32 ,-0.15 ,0.03 ,0.40 ,0.91 ,2
hysets_08158700,0.06 ,1.02 ,85.39 ,120.56 ,0.69 ,-0.22 ,0.09 ,0.52 ,0.35 ,1
hysets_08164300,0.04 ,0.98 ,64.03 ,81.28 ,1.33 ,-0.56 ,0.11 ,0.72 ,0.84 ,3
hysets_08165300,0.13 ,0.38 ,0.03 ,11.39 ,0.34 ,-0.19 ,0.04 ,0.30 ,0.88 ,2
hysets_08165500,0.15 ,0.43 ,0.00 ,16.47 ,0.30 ,-0.17 ,0.05 ,0.24 ,0.84 ,2
hysets_08171000,0.17 ,1.06 ,0.00 ,64.64 ,0.75 ,-0.25 ,0.10 ,0.47 ,0.94 ,2
hysets_08175000,0.01 ,0.60 ,86.83 ,87.19 ,0.63 ,-0.34 ,0.05 ,0.71 ,0.60 ,3
hysets_08176900,0.02 ,0.53 ,81.83 ,87.78 ,1.12 ,-0.43 ,0.06 ,0.58 ,0.38 ,3
hysets_08178880,0.15 ,1.02 ,13.53 ,60.33 ,0.58 ,-0.20 ,0.09 ,0.47 ,0.98 ,2
hysets_08189500,0.02 ,0.50 ,82.92 ,64.56 ,0.68 ,-0.31 ,0.05 ,0.60 ,0.40 ,3
hysets_08194200,0.00 ,0.24 ,302.64 ,52.44 ,0.65 ,-0.34 ,0.03 ,0.75 ,0.89 ,1
hysets_08195000,0.17 ,0.70 ,1.83 ,40.78 ,0.50 ,-0.17 ,0.08 ,0.25 ,0.93 ,2
hysets_08198000,0.12 ,0.76 ,39.72 ,68.58 ,0.57 ,-0.18 ,0.07 ,0.36 ,0.95 ,2
hysets_08198500,0.01 ,0.46 ,153.72 ,52.25 ,1.14 ,-0.38 ,0.03 ,0.75 ,0.73 ,1
hysets_08201500,0.08 ,0.94 ,60.33 ,96.39 ,0.73 ,-0.22 ,0.08 ,0.49 ,0.41 ,2
hysets_08202700,0.00 ,0.19 ,346.28 ,8.81 ,6.44 ,-2.30 ,0.01 ,0.95 ,0.45 ,1
hysets_08247500,0.03 ,0.69 ,51.44 ,81.03 ,0.09 ,-0.07 ,0.03 ,0.68 ,0.82 ,3
hysets_08269000,0.16 ,1.06 ,0.00 ,64.53 ,0.06 ,-0.04 ,0.08 ,0.56 ,0.65 ,2
hysets_08279000,0.12 ,0.65 ,3.67 ,56.89 ,0.05 ,-0.04 ,0.05 ,0.32 ,0.99 ,2
hysets_08284100,0.16 ,2.17 ,0.06 ,88.75 ,0.13 ,-0.10 ,0.10 ,0.82 ,0.98 ,3
hysets_08289000,0.04 ,0.45 ,0.22 ,68.72 ,0.06 ,-0.05 ,0.03 ,0.55 ,0.70 ,2
hysets_08291000,0.18 ,0.85 ,0.00 ,64.31 ,0.06 ,-0.04 ,0.06 ,0.41 ,0.99 ,2
hysets_08324000,0.07 ,0.37 ,0.03 ,57.89 ,0.04 ,-0.03 ,0.03 ,0.40 ,0.99 ,2
hysets_08334000,0.00 ,0.08 ,234.08 ,121.00 ,0.09 ,-0.07 ,0.01 ,0.57 ,0.98 ,1
hysets_08378500,0.24 ,1.26 ,0.00 ,63.08 ,0.08 ,-0.05 ,0.09 ,0.55 ,0.74 ,2
hysets_08401200,0.00 ,0.04 ,329.39 ,4.83 ,0.70 ,-0.65 ,0.01 ,0.97 ,0.61 ,1
hysets_08401900,0.00 ,0.06 ,350.56 ,4.53 ,1.84 ,-1.07 ,0.01 ,0.98 ,0.59 ,1
hysets_08405150,0.00 ,0.04 ,353.08 ,2.00 ,2.50 ,-1.60 ,0.01 ,0.99 ,0.55 ,1
hysets_08405500,0.02 ,0.05 ,1.64 ,7.61 ,0.07 ,-0.05 ,0.01 ,0.61 ,0.68 ,2
hysets_08AA008,0.22 ,0.88 ,40.86 ,65.94 ,0.03 ,-0.02 ,0.14 ,0.47 ,0.92 ,2
hysets_08AA009,0.11 ,0.71 ,30.61 ,81.53 ,0.07 ,-0.04 ,0.08 ,0.48 ,0.76 ,2
hysets_08AC001,0.48 ,2.39 ,0.00 ,64.31 ,0.29 ,-0.16 ,0.18 ,0.87 ,0.97 ,3
hysets_08EB004,1.25 ,4.63 ,0.00 ,60.14 ,0.48 ,-0.30 ,0.38 ,0.47 ,0.90 ,4
hysets_08ED001,2.12 ,7.98 ,0.00 ,61.58 ,0.33 ,-0.18 ,0.47 ,0.47 ,0.64 ,4
hysets_08ED002,2.42 ,7.40 ,0.00 ,42.06 ,0.16 ,-0.08 ,0.46 ,0.51 ,0.45 ,5
hysets_08EE008,0.55 ,3.20 ,0.00 ,89.28 ,0.32 ,-0.20 ,0.21 ,0.79 ,0.99 ,3
hysets_08EE013,0.14 ,2.17 ,0.53 ,97.03 ,0.17 ,-0.10 ,0.11 ,0.82 ,0.97 ,3
hysets_08EE020,1.78 ,8.16 ,0.00 ,83.97 ,0.67 ,-0.44 ,0.54 ,0.55 ,0.88 ,4
hysets_08EG012,7.92 ,17.88 ,0.00 ,24.00 ,3.37 ,-2.24 ,1.21 ,0.44 ,0.83 ,6
hysets_08FE003,4.69 ,14.99 ,0.00 ,54.56 ,2.35 ,-1.52 ,0.92 ,0.41 ,0.99 ,6
hysets_08FF001,4.19 ,9.18 ,0.00 ,26.11 ,1.91 ,-1.19 ,0.70 ,0.34 ,0.86 ,6
hysets_08FF002,3.67 ,9.12 ,0.00 ,37.67 ,2.02 ,-1.23 ,0.67 ,0.31 ,0.81 ,6
hysets_08FF003,5.44 ,15.03 ,0.00 ,46.67 ,3.43 ,-1.96 ,0.91 ,0.36 ,0.99 ,6
hysets_08GA071,4.83 ,15.67 ,0.00 ,61.97 ,1.76 ,-1.22 ,0.86 ,0.45 ,0.96 ,6
hysets_08GA072,3.61 ,12.15 ,0.00 ,59.81 ,0.82 ,-0.47 ,0.61 ,0.42 ,0.46 ,6
hysets_08GD008,0.19 ,0.69 ,0.00 ,49.50 ,0.05 ,-0.04 ,0.05 ,0.40 ,1.00 ,2
hysets_08HA001,2.24 ,9.99 ,0.00 ,62.75 ,3.04 ,-1.34 ,0.67 ,0.42 ,0.72 ,6
hysets_08HA010,3.26 ,14.82 ,0.00 ,63.47 ,5.94 ,-2.23 ,0.91 ,0.37 ,0.95 ,6
hysets_08HB014,3.74 ,22.86 ,0.00 ,86.00 ,10.43 ,-4.10 ,1.04 ,0.35 ,0.61 ,6
hysets_08HB074,5.03 ,12.08 ,0.00 ,31.78 ,2.96 ,-1.38 ,0.78 ,0.31 ,0.99 ,6
hysets_08HD011,2.52 ,6.86 ,0.00 ,44.14 ,1.78 ,-0.80 ,0.45 ,0.30 ,0.95 ,5
hysets_08HD015,2.58 ,7.75 ,0.00 ,50.83 ,2.52 ,-1.22 ,0.55 ,0.30 ,0.60 ,5
hysets_08HF004,3.22 ,9.71 ,0.00 ,45.67 ,3.43 ,-1.77 ,0.64 ,0.28 ,0.92 ,6
hysets_08JD006,0.60 ,5.22 ,0.00 ,83.56 ,0.34 ,-0.22 ,0.37 ,0.70 ,0.73 ,3
hysets_08JE004,0.15 ,1.59 ,0.00 ,69.81 ,0.10 ,-0.07 ,0.11 ,0.77 ,0.99 ,3
hysets_08KA007,0.86 ,6.13 ,0.00 ,107.58 ,0.25 ,-0.16 ,0.48 ,0.67 ,0.60 ,4
hysets_08KA009,1.14 ,7.68 ,0.00 ,85.86 ,0.64 ,-0.37 ,0.55 ,0.57 ,0.92 ,4
hysets_08KE016,0.09 ,0.81 ,0.03 ,79.19 ,0.07 ,-0.05 ,0.07 ,0.51 ,0.72 ,2
hysets_08KE024,0.71 ,5.20 ,0.00 ,84.78 ,0.51 ,-0.29 ,0.39 ,0.62 ,0.86 ,4
hysets_08KH010,0.95 ,5.74 ,0.00 ,83.67 ,0.32 ,-0.18 ,0.42 ,0.58 ,0.94 ,4
hysets_08KH019,0.21 ,1.47 ,0.00 ,81.03 ,0.11 ,-0.08 ,0.14 ,0.66 ,0.96 ,3
hysets_08LB020,0.42 ,3.18 ,0.00 ,85.33 ,0.13 ,-0.09 ,0.26 ,0.88 ,0.96 ,3
hysets_08LB024,0.14 ,1.44 ,0.00 ,85.19 ,0.11 ,-0.06 ,0.11 ,0.70 ,0.98 ,3
hysets_08LB038,1.38 ,9.55 ,0.00 ,81.44 ,0.73 ,-0.44 ,0.67 ,0.50 ,0.73 ,4
hysets_08LB069,0.56 ,4.68 ,0.00 ,85.94 ,0.19 ,-0.12 ,0.39 ,0.75 ,0.87 ,3
hysets_08LB076,0.71 ,6.06 ,0.00 ,86.47 ,0.36 ,-0.23 ,0.52 ,0.66 ,0.74 ,4
hysets_08LE024,1.89 ,8.64 ,0.00 ,69.25 ,0.55 ,-0.35 ,0.71 ,0.42 ,0.48 ,4
hysets_08LE027,2.03 ,9.90 ,0.00 ,76.56 ,0.73 ,-0.50 ,0.77 ,0.44 ,0.43 ,4
hysets_08LG048,0.66 ,5.00 ,0.00 ,90.89 ,0.45 ,-0.26 ,0.30 ,0.63 ,0.49 ,4
hysets_08MA003,0.74 ,5.63 ,0.00 ,114.06 ,0.17 ,-0.13 ,0.26 ,0.68 ,0.65 ,3
hysets_08MB006,0.20 ,1.45 ,0.00 ,95.72 ,0.13 ,-0.09 ,0.09 ,0.69 ,0.94 ,3
hysets_08MB007,0.41 ,3.44 ,0.00 ,105.83 ,0.25 ,-0.19 ,0.22 ,0.83 ,0.95 ,3
hysets_08ME023,2.00 ,21.47 ,0.00 ,136.39 ,0.93 ,-0.73 ,0.92 ,0.70 ,0.37 ,6
hysets_08ME025,0.38 ,1.49 ,0.00 ,56.03 ,0.08 ,-0.05 ,0.12 ,0.69 ,0.92 ,3
hysets_08MF065,2.55 ,9.45 ,0.00 ,60.14 ,0.98 ,-0.57 ,0.60 ,0.34 ,0.63 ,5
hysets_08MH016,3.74 ,9.20 ,0.00 ,28.14 ,0.53 ,-0.25 ,0.63 ,0.36 ,0.64 ,5
hysets_08MH056,4.10 ,10.17 ,0.00 ,31.64 ,1.64 ,-0.82 ,0.70 ,0.32 ,0.79 ,6
hysets_08MH103,3.57 ,8.45 ,0.00 ,24.86 ,0.82 ,-0.32 ,0.59 ,0.35 ,0.76 ,5
hysets_08MH147,6.91 ,18.09 ,0.00 ,38.25 ,3.94 ,-2.52 ,1.08 ,0.36 ,0.90 ,6
hysets_08NA006,0.72 ,5.30 ,0.00 ,108.06 ,0.24 ,-0.20 ,0.46 ,0.72 ,0.54 ,3
hysets_08NB012,0.98 ,6.25 ,0.00 ,103.36 ,0.32 ,-0.25 ,0.53 ,0.62 ,0.80 ,4
hysets_08NB014,1.18 ,10.12 ,0.00 ,120.31 ,0.58 ,-0.50 ,0.70 ,0.64 ,0.59 ,4
hysets_08ND012,1.79 ,9.06 ,0.00 ,85.17 ,0.47 ,-0.37 ,0.65 ,0.56 ,0.75 ,4
hysets_08ND013,1.97 ,10.05 ,0.00 ,88.28 ,0.55 ,-0.43 ,0.70 ,0.56 ,0.64 ,4
hysets_08NE006,1.45 ,9.81 ,0.00 ,82.75 ,0.56 ,-0.30 ,0.74 ,0.48 ,0.61 ,4
hysets_08NE039,0.33 ,4.27 ,0.00 ,106.08 ,0.27 ,-0.16 ,0.27 ,0.83 ,0.92 ,3
hysets_08NE074,0.86 ,6.21 ,0.00 ,87.25 ,0.38 ,-0.21 ,0.44 ,0.59 ,0.92 ,4
hysets_08NF001,0.31 ,2.98 ,0.64 ,103.36 ,0.21 ,-0.12 ,0.29 ,0.93 ,0.89 ,3
hysets_08NG076,0.33 ,2.38 ,0.00 ,81.97 ,0.12 ,-0.08 ,0.21 ,0.87 ,0.98 ,3
hysets_08NG077,1.04 ,8.68 ,0.00 ,90.19 ,0.55 ,-0.38 ,0.57 ,0.55 ,0.87 ,4
hysets_08NH005,1.13 ,6.89 ,0.00 ,78.39 ,0.38 ,-0.24 ,0.47 ,0.58 ,0.94 ,4
hysets_08NH006,0.30 ,3.07 ,0.00 ,98.67 ,0.18 ,-0.09 ,0.21 ,0.91 ,0.93 ,3
hysets_08NH120,0.36 ,5.30 ,0.00 ,97.47 ,0.41 ,-0.25 ,0.38 ,0.80 ,0.86 ,3
hysets_08NH130,1.13 ,8.03 ,0.00 ,92.14 ,0.53 ,-0.37 ,0.53 ,0.59 ,0.88 ,4
hysets_08NJ160,0.89 ,6.30 ,0.00 ,77.36 ,0.35 ,-0.20 ,0.48 ,0.62 ,0.86 ,4
hysets_08NK016,0.57 ,3.10 ,0.00 ,69.56 ,0.12 ,-0.08 ,0.28 ,0.85 ,0.98 ,3
hysets_08NK018,0.52 ,2.91 ,0.00 ,66.64 ,0.15 ,-0.09 ,0.28 ,0.87 ,0.96 ,3
hysets_08NK022,0.65 ,3.39 ,0.00 ,61.19 ,0.18 ,-0.11 ,0.31 ,0.79 ,0.97 ,3
hysets_08NL004,0.18 ,1.85 ,0.00 ,83.17 ,0.13 ,-0.08 ,0.11 ,0.80 ,0.99 ,3
hysets_08NL007,0.35 ,3.11 ,0.00 ,91.86 ,0.20 ,-0.12 ,0.16 ,0.88 ,0.97 ,3
hysets_08NL024,0.31 ,2.84 ,0.00 ,92.81 ,0.22 ,-0.13 ,0.16 ,0.89 ,0.96 ,3
hysets_08NL050,0.15 ,1.70 ,0.00 ,89.28 ,0.17 ,-0.11 ,0.12 ,0.73 ,0.99 ,3
hysets_08NL069,0.43 ,3.60 ,0.00 ,88.14 ,0.22 ,-0.13 ,0.18 ,0.81 ,0.99 ,3
hysets_08NL070,0.58 ,4.70 ,0.00 ,86.53 ,0.34 ,-0.19 ,0.25 ,0.70 ,0.95 ,3
hysets_08NL071,0.72 ,6.33 ,0.00 ,90.83 ,0.52 ,-0.30 ,0.34 ,0.60 ,0.85 ,4
hysets_08NM171,0.15 ,2.18 ,0.00 ,92.72 ,0.23 ,-0.14 ,0.17 ,0.83 ,0.98 ,3
hysets_08NM174,0.10 ,1.47 ,0.00 ,90.31 ,0.13 ,-0.08 ,0.11 ,0.74 ,0.98 ,3
hysets_08NN015,0.27 ,4.22 ,0.00 ,101.97 ,0.36 ,-0.23 ,0.35 ,0.86 ,0.89 ,3
hysets_08NN019,0.19 ,2.72 ,0.00 ,103.03 ,0.22 ,-0.15 ,0.21 ,0.89 ,0.94 ,3
hysets_08NN023,0.35 ,5.38 ,0.00 ,112.61 ,0.39 ,-0.23 ,0.40 ,0.78 ,0.74 ,3
hysets_08OA002,3.11 ,10.14 ,0.00 ,60.19 ,2.85 ,-1.36 ,0.92 ,0.30 ,0.98 ,6
hysets_09059500,0.25 ,2.79 ,0.00 ,87.14 ,0.14 ,-0.11 ,0.16 ,0.91 ,0.95 ,3
hysets_09074000,0.30 ,2.81 ,0.00 ,86.00 ,0.21 ,-0.15 ,0.15 ,0.89 ,0.96 ,3
hysets_09165000,0.38 ,3.32 ,0.00 ,80.94 ,0.20 ,-0.14 ,0.16 ,0.83 ,0.99 ,3
hysets_09196500,0.52 ,6.69 ,0.00 ,89.00 ,0.39 ,-0.23 ,0.35 ,0.71 ,0.66 ,3
hysets_09223000,0.17 ,2.10 ,0.00 ,86.28 ,0.10 ,-0.07 ,0.15 ,0.83 ,0.99 ,3
hysets_09253000,0.17 ,2.90 ,0.00 ,85.61 ,0.15 ,-0.11 ,0.17 ,0.92 ,0.95 ,3
hysets_09255000,0.14 ,1.68 ,0.61 ,80.17 ,0.12 ,-0.10 ,0.11 ,0.79 ,0.99 ,3
hysets_09266500,0.33 ,2.34 ,0.00 ,73.06 ,0.17 ,-0.11 ,0.20 ,0.78 ,1.00 ,3
hysets_09289500,0.54 ,3.85 ,0.00 ,66.94 ,0.23 ,-0.15 ,0.23 ,0.77 ,0.99 ,3
hysets_09292500,0.53 ,2.26 ,0.00 ,46.75 ,0.12 ,-0.08 ,0.17 ,0.87 ,0.92 ,3
hysets_09299500,0.45 ,2.40 ,0.00 ,67.22 ,0.14 ,-0.09 ,0.20 ,0.87 ,0.98 ,3
hysets_09304200,0.49 ,1.89 ,0.00 ,43.92 ,0.07 ,-0.06 ,0.14 ,0.79 ,0.91 ,3
hysets_09304500,0.47 ,1.72 ,0.00 ,42.36 ,0.07 ,-0.06 ,0.13 ,0.74 ,0.87 ,3
hysets_09306222,0.03 ,0.10 ,30.06 ,42.00 ,0.02 ,-0.01 ,0.01 ,0.41 ,0.99 ,2
hysets_09310500,0.19 ,2.34 ,0.00 ,76.08 ,0.12 ,-0.09 ,0.14 ,0.86 ,0.98 ,3
hysets_09312600,0.07 ,0.97 ,2.39 ,82.53 ,0.06 ,-0.04 ,0.07 ,0.64 ,0.84 ,3
hysets_09337000,0.05 ,0.15 ,1.39 ,28.22 ,0.03 ,-0.03 ,0.02 ,0.35 ,0.98 ,2
hysets_09342500,0.46 ,3.51 ,0.00 ,89.72 ,0.21 ,-0.14 ,0.18 ,0.78 ,0.99 ,3
hysets_09352900,0.85 ,4.82 ,0.00 ,77.14 ,0.36 ,-0.22 ,0.26 ,0.57 ,0.82 ,4
hysets_09386900,0.00 ,0.22 ,261.22 ,93.86 ,0.15 ,-0.11 ,0.02 ,0.65 ,0.99 ,1
hysets_09403600,0.04 ,0.09 ,0.00 ,17.06 ,0.03 ,-0.03 ,0.01 ,0.61 ,0.72 ,2
hysets_09404450,0.15 ,0.34 ,0.00 ,16.58 ,0.04 ,-0.03 ,0.04 ,0.36 ,0.95 ,2
hysets_09405500,0.16 ,0.61 ,0.00 ,36.92 ,0.07 ,-0.06 ,0.05 ,0.31 ,0.98 ,2
hysets_09430600,0.09 ,1.10 ,37.94 ,97.67 ,0.40 ,-0.21 ,0.14 ,0.53 ,0.41 ,3
hysets_09442680,0.02 ,0.15 ,12.36 ,54.11 ,0.06 ,-0.04 ,0.02 ,0.40 ,1.00 ,2
hysets_09447000,0.05 ,0.29 ,0.03 ,28.78 ,0.20 ,-0.13 ,0.04 ,0.43 ,0.99 ,2
hysets_09447800,0.01 ,0.08 ,43.22 ,19.44 ,0.24 ,-0.15 ,0.02 ,0.55 ,0.85 ,2
hysets_09473000,0.03 ,0.14 ,10.06 ,23.42 ,0.15 ,-0.10 ,0.03 ,0.40 ,0.98 ,2
hysets_09480000,0.01 ,0.12 ,151.00 ,40.56 ,0.35 ,-0.22 ,0.02 ,0.51 ,0.40 ,2
hysets_09494000,0.11 ,0.60 ,2.64 ,76.33 ,0.08 ,-0.05 ,0.05 ,0.29 ,0.89 ,2
hysets_09496500,0.02 ,0.22 ,42.56 ,54.28 ,0.16 ,-0.10 ,0.04 ,0.32 ,0.98 ,2
hysets_09497800,0.06 ,0.28 ,0.00 ,40.14 ,0.19 ,-0.11 ,0.05 ,0.32 ,0.99 ,2
hysets_09497980,0.03 ,0.38 ,0.00 ,62.19 ,0.33 ,-0.15 ,0.05 ,0.31 ,0.97 ,2
hysets_09499000,0.03 ,0.63 ,53.89 ,75.36 ,0.55 ,-0.24 ,0.09 ,0.58 ,0.48 ,3
hysets_09504420,0.13 ,0.79 ,0.00 ,37.11 ,0.40 ,-0.26 ,0.10 ,0.47 ,0.99 ,2
hysets_09505800,0.07 ,0.56 ,0.00 ,39.94 ,0.39 ,-0.24 ,0.06 ,0.52 ,0.96 ,2
hysets_09510200,0.00 ,0.44 ,212.61 ,142.47 ,0.73 ,-0.26 ,0.05 ,0.64 ,0.98 ,1
hysets_09512280,0.00 ,0.24 ,217.69 ,137.39 ,0.76 ,-0.34 ,0.04 ,0.55 ,0.96 ,1
hysets_09513780,0.00 ,0.49 ,239.78 ,115.31 ,1.71 ,-0.53 ,0.09 ,0.69 ,1.00 ,1
hysets_09537200,0.00 ,0.03 ,230.50 ,109.42 ,0.44 ,-0.34 ,0.01 ,0.66 ,1.00 ,1
hysets_09AA012,0.37 ,2.04 ,0.00 ,82.28 ,0.15 ,-0.09 ,0.16 ,0.80 ,0.99 ,3
hysets_09AA013,0.76 ,3.31 ,0.00 ,64.61 ,0.09 ,-0.04 ,0.21 ,0.72 ,0.98 ,3
hysets_09AH003,0.11 ,0.99 ,33.78 ,106.17 ,0.23 ,-0.12 ,0.20 ,0.57 ,0.54 ,3
hysets_09CA004,0.33 ,3.08 ,0.00 ,96.86 ,0.38 ,-0.23 ,0.29 ,0.88 ,0.94 ,3
hysets_09EA004,0.49 ,2.44 ,0.00 ,79.92 ,0.22 ,-0.10 ,0.40 ,0.89 ,0.91 ,3
hysets_10011500,0.37 ,3.16 ,0.00 ,73.94 ,0.16 ,-0.12 ,0.17 ,0.90 ,0.96 ,3
hysets_10032000,0.52 ,2.55 ,0.00 ,59.53 ,0.08 ,-0.05 ,0.19 ,0.90 ,0.94 ,3
hysets_10113500,0.29 ,0.72 ,0.00 ,25.31 ,0.04 ,-0.03 ,0.08 ,0.21 ,0.82 ,2
hysets_10173450,0.17 ,1.24 ,0.53 ,62.53 ,0.07 ,-0.04 ,0.06 ,0.57 ,0.65 ,2
hysets_10174500,0.20 ,0.65 ,0.00 ,31.75 ,0.03 ,-0.02 ,0.05 ,0.26 ,0.94 ,2
hysets_10194200,0.10 ,0.58 ,0.00 ,64.22 ,0.03 ,-0.03 ,0.04 ,0.35 ,0.98 ,2
hysets_10234500,0.26 ,1.29 ,0.00 ,62.47 ,0.06 ,-0.05 ,0.09 ,0.61 ,0.62 ,3
hysets_10258500,0.00 ,0.16 ,252.33 ,102.75 ,0.36 ,-0.14 ,0.04 ,0.60 ,0.99 ,1
hysets_10296000,0.44 ,4.03 ,0.00 ,93.06 ,0.22 ,-0.16 ,0.15 ,0.76 ,0.99 ,3
hysets_10296500,0.36 ,2.93 ,0.00 ,89.08 ,0.16 ,-0.12 ,0.12 ,0.87 ,0.97 ,3
hysets_10329500,0.06 ,0.54 ,0.00 ,81.31 ,0.08 ,-0.06 ,0.08 ,0.48 ,0.79 ,2
hysets_10396000,0.28 ,1.46 ,0.00 ,75.69 ,0.16 ,-0.11 ,0.20 ,0.66 ,0.97 ,3
hysets_10AC005,0.83 ,4.64 ,0.00 ,80.03 ,0.37 ,-0.22 ,0.51 ,0.64 ,0.80 ,4
hysets_10BE007,0.74 ,2.54 ,0.00 ,49.78 ,0.10 ,-0.05 ,0.32 ,0.75 ,0.89 ,3
hysets_10BE009,0.39 ,0.76 ,0.00 ,11.22 ,0.04 ,-0.02 ,0.11 ,0.27 ,0.82 ,2
hysets_10CD003,0.03 ,1.23 ,131.44 ,127.67 ,0.32 ,-0.15 ,0.13 ,0.66 ,0.85 ,1
hysets_10CD004,0.06 ,2.02 ,114.61 ,121.94 ,0.68 ,-0.32 ,0.25 ,0.75 ,0.62 ,1
hysets_10CD005,0.10 ,1.99 ,83.42 ,110.72 ,0.70 ,-0.33 ,0.25 ,0.73 ,0.63 ,3
hysets_10ED003,0.06 ,1.32 ,49.31 ,129.97 ,0.26 ,-0.12 ,0.13 ,0.62 ,0.53 ,3
hysets_10FB005,0.09 ,1.08 ,3.06 ,110.72 ,0.12 ,-0.06 ,0.10 ,0.57 ,0.58 ,3
hysets_10GC003,0.07 ,1.20 ,29.06 ,120.56 ,0.22 ,-0.09 ,0.13 ,0.61 ,0.61 ,3
hysets_10LC003,0.03 ,0.67 ,107.03 ,103.69 ,0.16 ,-0.05 ,0.07 ,0.63 ,0.61 ,1
hysets_10LC007,0.15 ,0.76 ,59.31 ,53.86 ,0.17 ,-0.06 ,0.10 ,0.42 ,0.97 ,2
hysets_11012500,0.00 ,0.13 ,220.19 ,134.89 ,0.11 ,-0.07 ,0.02 ,0.50 ,0.92 ,1
hysets_11015000,0.01 ,0.61 ,162.67 ,123.31 ,0.50 ,-0.20 ,0.09 ,0.61 ,0.97 ,1
hysets_11042400,0.02 ,0.16 ,73.81 ,46.53 ,0.20 ,-0.10 ,0.02 ,0.36 ,0.94 ,2
hysets_11123000,0.00 ,1.11 ,246.67 ,108.42 ,1.28 ,-0.60 ,0.13 ,0.77 ,0.99 ,1
hysets_11123500,0.00 ,1.17 ,210.44 ,144.64 ,1.28 ,-0.52 ,0.13 ,0.76 ,0.96 ,1
hysets_11124500,0.02 ,0.88 ,141.56 ,124.14 ,0.77 ,-0.23 ,0.10 ,0.59 ,0.90 ,1
hysets_11132500,0.03 ,0.84 ,83.08 ,68.86 ,1.07 ,-0.49 ,0.12 ,0.69 ,0.69 ,3
hysets_11140000,0.00 ,0.45 ,277.72 ,77.36 ,0.76 ,-0.23 ,0.06 ,0.73 ,0.97 ,1
hysets_11143000,0.57 ,5.36 ,0.00 ,82.25 ,1.40 ,-0.43 ,0.50 ,0.59 ,0.97 ,4
hysets_11143200,0.07 ,1.41 ,11.78 ,110.86 ,0.53 ,-0.18 ,0.14 ,0.64 ,0.79 ,3
hysets_11143250,0.01 ,1.17 ,171.06 ,157.36 ,0.64 ,-0.18 ,0.11 ,0.62 ,0.87 ,1
hysets_11148900,0.04 ,3.06 ,147.44 ,134.11 ,3.53 ,-0.76 ,0.40 ,0.86 ,0.57 ,1
hysets_11149900,0.02 ,1.39 ,167.42 ,141.08 ,1.24 ,-0.28 ,0.15 ,0.66 ,0.94 ,1
hysets_11151300,0.01 ,0.18 ,165.08 ,56.58 ,0.30 ,-0.16 ,0.04 ,0.48 ,0.52 ,1
hysets_11152000,0.10 ,1.90 ,49.83 ,106.14 ,1.01 ,-0.28 ,0.21 ,0.72 ,0.86 ,3
hysets_11189500,0.07 ,0.55 ,20.53 ,73.03 ,0.06 ,-0.04 ,0.03 ,0.40 ,0.96 ,2
hysets_11202000,0.20 ,1.51 ,0.00 ,61.17 ,0.33 ,-0.21 ,0.10 ,0.74 ,0.98 ,3
hysets_11202001,0.62 ,2.73 ,0.00 ,69.33 ,0.31 ,-0.20 ,0.20 ,0.68 ,0.99 ,3
hysets_11224500,0.00 ,0.20 ,243.94 ,111.14 ,0.38 ,-0.16 ,0.04 ,0.59 ,0.99 ,1
hysets_11230500,0.59 ,4.88 ,0.00 ,86.25 ,0.30 ,-0.20 ,0.16 ,0.70 ,0.96 ,3
hysets_11253310,0.00 ,0.20 ,220.53 ,134.56 ,0.34 ,-0.14 ,0.03 ,0.53 ,0.95 ,1
hysets_11264500,0.60 ,5.55 ,0.00 ,96.86 ,0.37 ,-0.25 ,0.19 ,0.64 ,0.71 ,3
hysets_11266500,0.61 ,5.50 ,0.00 ,99.17 ,0.37 ,-0.24 ,0.21 ,0.62 ,0.55 ,3
hysets_11314500,0.19 ,3.44 ,0.00 ,100.64 ,0.37 ,-0.38 ,0.13 ,0.73 ,0.96 ,3
hysets_11317000,0.28 ,2.33 ,0.00 ,99.44 ,0.37 ,-0.22 ,0.14 ,0.80 ,0.98 ,3
hysets_11318500,0.26 ,2.59 ,2.78 ,97.97 ,0.55 ,-0.23 ,0.15 ,0.84 ,0.97 ,3
hysets_11367500,2.16 ,2.98 ,0.00 ,1.75 ,0.22 ,-0.09 ,0.29 ,0.39 ,0.70 ,5
hysets_11374000,0.37 ,3.77 ,3.36 ,96.81 ,1.37 ,-0.60 ,0.29 ,0.67 ,0.69 ,3
hysets_11376550,0.93 ,1.99 ,0.00 ,21.22 ,0.33 ,-0.18 ,0.20 ,0.51 ,0.76 ,2
hysets_11379500,0.17 ,2.90 ,27.58 ,118.61 ,1.24 ,-0.47 ,0.26 ,0.84 ,0.83 ,3
hysets_11381500,1.32 ,3.89 ,0.00 ,40.00 ,0.93 ,-0.42 ,0.33 ,0.35 ,0.91 ,5
hysets_11383500,0.66 ,3.12 ,0.00 ,63.39 ,0.86 ,-0.33 ,0.22 ,0.61 ,0.61 ,3
hysets_11402000,0.39 ,3.08 ,0.00 ,96.42 ,0.57 ,-0.31 ,0.20 ,0.70 ,0.97 ,3
hysets_11413000,1.18 ,6.02 ,0.00 ,90.14 ,0.96 ,-0.39 ,0.38 ,0.43 ,0.96 ,4
hysets_11413300,0.23 ,4.58 ,0.00 ,59.33 ,2.89 ,-1.61 ,0.20 ,0.81 ,0.54 ,3
hysets_11428800,0.18 ,1.03 ,0.03 ,14.19 ,0.38 ,-0.31 ,0.04 ,0.61 ,0.67 ,2
hysets_11433300,1.26 ,3.59 ,0.00 ,41.67 ,0.47 ,-0.38 ,0.25 ,0.28 ,0.76 ,5
hysets_11451100,0.19 ,5.13 ,33.56 ,124.78 ,2.36 ,-0.71 ,0.44 ,0.70 ,0.47 ,4
hysets_11461000,0.11 ,4.91 ,51.22 ,129.22 ,2.59 ,-0.94 ,0.35 ,0.74 ,0.44 ,3
hysets_11468500,0.27 ,5.11 ,0.00 ,109.67 ,1.96 ,-0.63 ,0.33 ,0.68 ,0.48 ,3
hysets_11470500,0.63 ,4.67 ,0.00 ,66.11 ,0.93 ,-0.64 ,0.37 ,0.61 ,0.92 ,4
hysets_11473900,0.40 ,4.85 ,6.22 ,124.86 ,1.73 ,-0.61 ,0.37 ,0.58 ,0.67 ,4
hysets_11478500,0.68 ,9.35 ,0.00 ,122.17 ,3.79 ,-1.18 ,0.60 ,0.51 ,0.55 ,4
hysets_11480390,0.31 ,6.43 ,72.33 ,127.19 ,2.75 ,-0.82 ,0.44 ,0.60 ,0.54 ,4
hysets_11480410,0.62 ,6.30 ,0.00 ,96.64 ,1.12 ,-0.73 ,0.41 ,0.60 ,0.91 ,4
hysets_11481200,0.84 ,7.68 ,0.00 ,99.42 ,3.19 ,-1.09 ,0.51 ,0.49 ,0.76 ,4
hysets_11482500,1.00 ,8.17 ,0.00 ,103.61 ,2.39 ,-0.71 ,0.51 ,0.49 ,0.85 ,4
hysets_11521500,1.51 ,6.79 ,0.00 ,79.61 ,1.35 ,-0.51 ,0.49 ,0.43 ,0.92 ,4
hysets_11522500,1.25 ,4.57 ,0.00 ,66.42 ,0.72 ,-0.30 ,0.35 ,0.42 ,0.86 ,4
hysets_11523200,1.00 ,6.15 ,0.00 ,97.36 ,0.85 ,-0.42 ,0.40 ,0.48 ,0.97 ,4
hysets_11528700,0.46 ,4.18 ,0.00 ,104.56 ,0.93 ,-0.31 ,0.29 ,0.63 ,0.54 ,3
hysets_11532500,2.28 ,13.07 ,0.00 ,84.64 ,4.19 ,-1.29 ,0.75 ,0.45 ,0.83 ,6
hysets_12025700,2.74 ,10.16 ,0.00 ,55.92 ,2.68 ,-0.95 ,0.73 ,0.41 ,0.83 ,6
hysets_12035000,3.73 ,14.57 ,0.00 ,58.83 ,3.47 ,-1.21 ,0.77 ,0.42 ,0.99 ,6
hysets_12039500,7.87 ,18.97 ,0.00 ,27.11 ,3.46 ,-1.39 ,1.07 ,0.44 ,0.85 ,6
hysets_12040500,5.60 ,19.40 ,0.00 ,49.97 ,5.86 ,-2.47 ,0.99 ,0.38 ,0.91 ,6
hysets_12041200,6.83 ,16.90 ,0.00 ,26.00 ,3.83 ,-2.04 ,1.10 ,0.47 ,0.91 ,6
hysets_12043000,4.13 ,16.68 ,0.00 ,55.22 ,5.57 ,-1.96 ,0.95 ,0.37 ,0.97 ,6
hysets_12048000,1.79 ,3.82 ,0.00 ,22.56 ,0.67 ,-0.30 ,0.33 ,0.25 ,0.97 ,5
hysets_12054000,4.38 ,9.95 ,0.00 ,27.78 ,2.64 ,-1.10 ,0.78 ,0.34 ,0.97 ,6
hysets_12056500,6.31 ,15.76 ,0.00 ,30.22 ,4.45 ,-1.77 ,1.00 ,0.38 ,0.95 ,6
hysets_12082500,4.50 ,8.29 ,0.00 ,12.72 ,1.26 ,-0.78 ,0.65 ,0.41 ,0.49 ,6
hysets_12092000,4.53 ,7.73 ,0.00 ,10.42 ,1.38 ,-0.85 ,0.65 ,0.42 ,0.48 ,6
hysets_12115000,3.97 ,10.40 ,0.00 ,35.89 ,2.19 ,-0.89 ,0.79 ,0.37 ,0.95 ,6
hysets_12134500,4.98 ,12.10 ,0.00 ,31.86 ,2.79 ,-1.26 ,0.88 ,0.36 ,0.99 ,6
hysets_12141300,5.21 ,12.40 ,0.00 ,31.47 ,3.50 ,-1.73 ,0.98 ,0.34 ,0.99 ,6
hysets_12142000,5.37 ,12.88 ,0.00 ,30.28 ,4.20 ,-1.92 ,0.95 ,0.34 ,0.99 ,6
hysets_12186000,5.00 ,11.82 ,0.00 ,29.31 ,2.29 ,-1.11 ,0.82 ,0.36 ,0.98 ,6
hysets_12189500,4.41 ,9.28 ,0.00 ,19.47 ,1.54 ,-0.83 ,0.68 ,0.39 ,0.68 ,6
hysets_12205000,5.55 ,12.69 ,0.00 ,24.22 ,2.04 ,-1.19 ,0.85 ,0.44 ,0.95 ,6
hysets_12301300,0.30 ,1.43 ,0.00 ,72.97 ,0.09 ,-0.05 ,0.13 ,0.65 ,0.92 ,3
hysets_12324590,0.18 ,0.82 ,0.00 ,57.22 ,0.06 ,-0.05 ,0.10 ,0.38 ,1.00 ,2
hysets_12330000,0.29 ,1.44 ,0.00 ,50.61 ,0.11 ,-0.07 ,0.15 ,0.66 ,0.78 ,3
hysets_12332000,0.37 ,2.32 ,0.00 ,66.78 ,0.12 ,-0.08 ,0.24 ,0.89 ,0.96 ,3
hysets_12370000,0.93 ,3.63 ,0.00 ,60.11 ,0.12 ,-0.07 ,0.30 ,0.62 ,0.52 ,3
hysets_12389500,0.32 ,1.38 ,0.00 ,62.28 ,0.08 ,-0.05 ,0.12 ,0.62 ,0.71 ,3
hysets_12411000,0.76 ,4.91 ,0.00 ,88.81 ,0.51 ,-0.24 ,0.34 ,0.57 ,0.92 ,4
hysets_12414900,0.55 ,2.93 ,0.00 ,83.00 ,0.39 ,-0.20 ,0.24 ,0.73 ,1.00 ,3
hysets_12452800,0.71 ,4.69 ,0.00 ,82.33 ,0.23 ,-0.13 ,0.19 ,0.66 ,0.91 ,3
hysets_12488500,1.48 ,6.24 ,0.00 ,66.92 ,0.54 ,-0.24 ,0.37 ,0.37 ,0.54 ,4
hysets_13010065,0.74 ,4.66 ,0.00 ,55.61 ,0.21 ,-0.14 ,0.28 ,0.75 ,0.92 ,3
hysets_13011900,0.59 ,4.39 ,0.00 ,72.58 ,0.18 ,-0.13 ,0.22 ,0.80 ,0.99 ,3
hysets_13023000,0.69 ,3.22 ,0.00 ,65.28 ,0.11 ,-0.07 ,0.23 ,0.77 ,0.99 ,3
hysets_13186000,0.41 ,2.76 ,0.00 ,78.44 ,0.12 ,-0.08 ,0.17 ,0.92 ,0.95 ,3
hysets_13235000,0.90 ,4.14 ,0.00 ,62.33 ,0.18 ,-0.11 ,0.26 ,0.62 ,0.56 ,3
hysets_13292000,0.34 ,1.96 ,0.00 ,83.78 ,0.11 ,-0.07 ,0.16 ,0.79 ,0.99 ,3
hysets_13297355,0.17 ,1.21 ,0.00 ,67.78 ,0.07 ,-0.05 ,0.11 ,0.63 ,0.83 ,3
hysets_13331500,0.74 ,4.64 ,0.00 ,85.08 ,0.29 ,-0.17 ,0.34 ,0.65 ,0.61 ,3
hysets_13339500,0.57 ,3.07 ,0.00 ,90.08 ,0.30 ,-0.16 ,0.28 ,0.75 ,0.99 ,3
hysets_14013000,0.84 ,2.88 ,0.00 ,51.86 ,0.49 ,-0.26 ,0.37 ,0.54 ,0.73 ,4
hysets_14020000,0.80 ,3.80 ,0.00 ,79.83 ,0.57 ,-0.27 ,0.37 ,0.57 ,0.95 ,4
hysets_14020300,0.40 ,2.95 ,0.00 ,101.64 ,0.46 ,-0.23 ,0.28 ,0.78 ,0.96 ,3
hysets_14038530,0.31 ,1.00 ,0.00 ,45.72 ,0.09 ,-0.06 ,0.13 ,0.41 ,1.00 ,2
hysets_14044000,0.17 ,1.34 ,0.00 ,106.44 ,0.11 ,-0.07 ,0.13 ,0.64 ,0.81 ,3
hysets_14091500,4.39 ,5.13 ,0.00 ,0.17 ,0.16 ,-0.09 ,0.70 ,0.73 ,0.29 ,5
hysets_14096850,0.31 ,1.06 ,0.00 ,40.64 ,0.18 ,-0.08 ,0.11 ,0.51 ,0.98 ,2
hysets_14097100,0.57 ,1.28 ,0.00 ,15.53 ,0.14 ,-0.07 ,0.15 ,0.56 ,0.76 ,2
hysets_14154500,1.23 ,5.78 ,0.00 ,78.72 ,1.71 ,-0.71 ,0.40 ,0.43 ,0.95 ,4
hysets_14158500,3.95 ,6.82 ,0.00 ,5.25 ,0.32 ,-0.12 ,0.62 ,0.44 ,0.64 ,5
hysets_14166500,0.95 ,5.84 ,0.00 ,84.36 ,1.05 ,-0.43 ,0.40 ,0.52 ,1.00 ,4
hysets_14178000,3.51 ,7.21 ,0.00 ,15.94 ,0.96 ,-0.41 ,0.67 ,0.44 ,0.64 ,5
hysets_14182500,3.80 ,12.01 ,0.00 ,45.86 ,3.55 ,-1.39 ,0.79 ,0.42 ,1.00 ,6
hysets_14185000,2.75 ,9.07 ,0.00 ,49.44 ,2.26 ,-0.90 ,0.60 ,0.42 ,0.41 ,5
hysets_14185900,3.43 ,12.77 ,0.00 ,57.72 ,3.89 ,-1.50 ,0.82 ,0.42 ,1.00 ,6
hysets_14236200,3.54 ,10.88 ,0.00 ,43.72 ,2.57 ,-0.97 ,0.75 ,0.40 ,0.96 ,6
hysets_14301000,1.67 ,8.82 ,0.00 ,81.31 ,1.53 ,-0.58 ,0.59 ,0.45 ,0.75 ,4
hysets_14306500,1.86 ,9.41 ,0.00 ,75.75 ,1.99 ,-0.69 ,0.63 ,0.46 ,0.61 ,4
hysets_14308000,1.05 ,4.91 ,0.00 ,74.69 ,1.26 ,-0.49 ,0.36 ,0.46 ,1.00 ,4
hysets_14309500,0.67 ,6.74 ,0.00 ,105.08 ,2.17 ,-0.78 ,0.46 ,0.53 ,0.90 ,4
hysets_14316700,1.34 ,6.88 ,0.00 ,81.56 ,1.95 ,-0.80 ,0.47 ,0.44 ,0.91 ,4
hysets_14325000,1.49 ,10.51 ,0.00 ,97.17 ,3.33 ,-1.17 ,0.72 ,0.46 ,0.40 ,6
hysets_14338000,0.46 ,3.70 ,5.22 ,104.53 ,0.95 ,-0.40 ,0.26 ,0.64 ,0.67 ,3
hysets_14377100,1.17 ,7.39 ,0.00 ,91.72 ,1.88 ,-0.75 ,0.47 ,0.47 ,0.93 ,4
hysets_14400000,2.87 ,19.06 ,0.00 ,93.56 ,5.84 ,-1.74 ,1.05 ,0.46 ,0.85 ,6
lamah_12425002,1.28 ,3.08 ,0.00 ,40.56 ,1.04 ,-0.48 ,0.33 ,0.24 ,0.94 ,5
lamah_16000708,2.20 ,4.48 ,0.00 ,7.94 ,0.27 ,-0.14 ,0.38 ,0.34 ,0.93 ,5
lamah_16001303,0.62 ,1.29 ,0.00 ,11.39 ,0.21 ,-0.15 ,0.10 ,0.35 ,0.88 ,2
lamah_16610709,2.18 ,4.33 ,0.00 ,14.50 ,0.78 ,-0.39 ,0.41 ,0.28 ,0.99 ,5
lamah_17404000,1.23 ,3.05 ,0.00 ,30.64 ,0.56 ,-0.32 ,0.35 ,0.30 ,0.94 ,5
lamah_18481006,2.60 ,5.32 ,0.00 ,20.69 ,1.50 ,-0.68 ,0.51 ,0.24 ,0.98 ,5
lamah_18486000,2.93 ,5.78 ,0.00 ,18.25 ,1.48 ,-0.69 ,0.55 ,0.28 ,0.95 ,5
lamah_200253,3.11 ,9.78 ,0.00 ,53.50 ,1.84 ,-1.06 ,0.72 ,0.29 ,0.79 ,6
lamah_200261,3.17 ,9.80 ,0.00 ,53.19 ,2.20 ,-1.19 ,0.75 ,0.27 ,0.90 ,6
lamah_200303,1.48 ,4.45 ,0.00 ,51.39 ,1.87 ,-1.05 ,0.41 ,0.25 ,0.90 ,5
lamah_201012,2.83 ,10.13 ,0.00 ,59.89 ,1.24 ,-0.70 ,0.68 ,0.40 ,0.41 ,6
lamah_201087,2.67 ,7.42 ,0.00 ,35.25 ,0.84 ,-0.45 ,0.55 ,0.36 ,0.92 ,5
lamah_201095,2.51 ,5.57 ,0.00 ,13.06 ,0.38 ,-0.18 ,0.45 ,0.41 ,0.90 ,5
lamah_201160,1.31 ,5.46 ,0.00 ,65.69 ,0.48 ,-0.28 ,0.40 ,0.50 ,0.97 ,4
lamah_201236,1.28 ,4.43 ,0.00 ,47.42 ,0.34 ,-0.21 ,0.33 ,0.51 ,0.66 ,4
lamah_201251,1.76 ,7.39 ,0.00 ,76.06 ,0.56 ,-0.39 ,0.51 ,0.48 ,0.89 ,4
lamah_201335,0.86 ,3.43 ,0.00 ,75.50 ,0.25 ,-0.18 ,0.28 ,0.70 ,0.97 ,3
lamah_201392,1.47 ,8.79 ,0.00 ,101.58 ,0.58 ,-0.44 ,0.64 ,0.61 ,0.74 ,4
lamah_201434,1.36 ,7.63 ,0.00 ,100.42 ,0.48 ,-0.37 ,0.54 ,0.61 ,0.82 ,4
lamah_201558,2.01 ,5.37 ,0.00 ,28.53 ,0.34 ,-0.21 ,0.48 ,0.46 ,0.80 ,5
lamah_201566,2.31 ,6.52 ,0.00 ,34.33 ,0.57 ,-0.32 ,0.54 ,0.45 ,0.81 ,5
lamah_201574,2.09 ,5.29 ,0.00 ,24.11 ,0.34 ,-0.20 ,0.47 ,0.43 ,0.88 ,5
lamah_201723,1.84 ,5.08 ,0.00 ,32.22 ,0.40 ,-0.26 ,0.43 ,0.45 ,0.82 ,5
lamah_201848,2.70 ,5.99 ,0.00 ,17.97 ,0.67 ,-0.43 ,0.53 ,0.33 ,0.97 ,5
lamah_202036,1.56 ,5.23 ,0.00 ,47.36 ,0.37 ,-0.24 ,0.40 ,0.48 ,0.61 ,4
lamah_203026,1.61 ,6.86 ,0.00 ,82.53 ,0.69 ,-0.59 ,0.51 ,0.52 ,0.95 ,4
lamah_203075,2.08 ,7.93 ,0.00 ,72.78 ,0.74 ,-0.61 ,0.60 ,0.53 ,0.78 ,4
lamah_203166,2.63 ,5.58 ,0.00 ,9.67 ,0.38 ,-0.27 ,0.51 ,0.47 ,0.78 ,5
lamah_203224,1.99 ,6.50 ,0.00 ,50.78 ,0.70 ,-0.43 ,0.54 ,0.39 ,0.85 ,5
lamah_203265,2.11 ,4.72 ,0.00 ,27.89 ,1.03 ,-0.57 ,0.42 ,0.22 ,0.99 ,5
lamah_203307,2.74 ,6.80 ,0.00 ,32.94 ,1.64 ,-0.91 ,0.56 ,0.26 ,0.92 ,5
lamah_203463,2.04 ,5.71 ,0.00 ,39.03 ,0.59 ,-0.35 ,0.44 ,0.32 ,1.00 ,5
lamah_203505,3.46 ,7.22 ,0.00 ,13.50 ,0.92 ,-0.49 ,0.61 ,0.37 ,0.79 ,5
lamah_203711,1.76 ,4.94 ,0.00 ,37.69 ,0.59 ,-0.33 ,0.42 ,0.36 ,0.99 ,5
lamah_203752,1.81 ,4.46 ,0.00 ,22.72 ,0.39 ,-0.34 ,0.41 ,0.32 ,0.99 ,5
lamah_203760,2.37 ,5.89 ,0.00 ,22.72 ,0.40 ,-0.25 ,0.52 ,0.38 ,0.95 ,5
lamah_203786,1.81 ,5.15 ,0.00 ,36.75 ,0.41 ,-0.24 ,0.44 ,0.38 ,0.96 ,5
lamah_203794,1.71 ,4.02 ,0.00 ,18.58 ,0.31 ,-0.26 ,0.38 ,0.31 ,0.98 ,5
lamah_203828,1.49 ,4.33 ,0.00 ,37.69 ,0.38 ,-0.32 ,0.37 ,0.38 ,0.91 ,5
lamah_204875,1.39 ,3.23 ,0.00 ,24.50 ,0.67 ,-0.33 ,0.41 ,0.22 ,0.97 ,5
lamah_204925,0.87 ,2.17 ,0.00 ,28.28 ,0.39 ,-0.17 ,0.25 ,0.54 ,0.63 ,2
lamah_205104,3.55 ,11.45 ,0.00 ,57.36 ,1.54 ,-0.79 ,0.83 ,0.32 ,0.91 ,6
lamah_205179,1.97 ,5.95 ,0.00 ,66.36 ,1.19 ,-0.71 ,0.51 ,0.21 ,0.87 ,5
lamah_205294,2.01 ,4.67 ,0.00 ,31.50 ,1.64 ,-0.66 ,0.48 ,0.17 ,0.97 ,5
lamah_205500,2.60 ,5.15 ,0.00 ,17.36 ,1.25 ,-0.53 ,0.54 ,0.22 ,0.97 ,5
lamah_205740,1.91 ,5.31 ,0.00 ,44.97 ,2.02 ,-1.02 ,0.56 ,0.20 ,0.90 ,5
lamah_205799,3.43 ,8.67 ,0.00 ,29.44 ,1.27 ,-0.71 ,0.75 ,0.34 ,0.49 ,6
lamah_205823,2.46 ,5.26 ,0.00 ,18.89 ,1.01 ,-0.48 ,0.50 ,0.24 ,0.99 ,5
lamah_205831,2.73 ,6.74 ,0.00 ,32.00 ,1.30 ,-0.68 ,0.61 ,0.27 ,0.93 ,5
lamah_205864,3.19 ,7.21 ,0.00 ,23.69 ,1.27 ,-0.76 ,0.68 ,0.32 ,0.74 ,5
lamah_205898,1.79 ,4.18 ,0.00 ,32.56 ,1.34 ,-0.58 ,0.45 ,0.19 ,0.99 ,5
lamah_206508,3.36 ,6.88 ,0.00 ,18.64 ,1.49 ,-0.70 ,0.69 ,0.30 ,0.72 ,5
lamah_207613,0.81 ,1.99 ,0.00 ,29.17 ,0.35 ,-0.18 ,0.25 ,0.59 ,0.49 ,2
lamah_207654,2.26 ,5.47 ,0.00 ,34.06 ,1.46 ,-0.70 ,0.57 ,0.21 ,0.97 ,5
lamah_207738,2.12 ,5.29 ,0.00 ,32.92 ,1.04 ,-0.52 ,0.52 ,0.21 ,0.99 ,5
lamah_207852,1.22 ,3.13 ,0.00 ,34.83 ,0.88 ,-0.38 ,0.33 ,0.30 ,0.94 ,5
lamah_208116,0.57 ,1.63 ,0.00 ,34.08 ,0.45 ,-0.22 ,0.18 ,0.70 ,0.72 ,3
lamah_208686,1.11 ,2.67 ,0.00 ,27.28 ,0.49 ,-0.24 ,0.27 ,0.31 ,0.67 ,5
lamah_209361,1.84 ,4.08 ,0.00 ,25.17 ,0.87 ,-0.38 ,0.41 ,0.19 ,0.98 ,5
lamah_209551,1.91 ,5.89 ,0.00 ,48.03 ,1.71 ,-0.77 ,0.56 ,0.22 ,0.95 ,5
lamah_210526,2.97 ,9.91 ,0.00 ,56.36 ,0.75 ,-0.43 ,0.69 ,0.32 ,0.53 ,5
lamah_210641,2.30 ,5.06 ,0.00 ,16.03 ,0.45 ,-0.28 ,0.46 ,0.34 ,0.98 ,5
lamah_210732,0.79 ,2.17 ,0.00 ,25.03 ,0.32 ,-0.20 ,0.18 ,0.65 ,0.43 ,3
lamah_210773,2.09 ,4.81 ,0.00 ,20.53 ,0.37 ,-0.22 ,0.44 ,0.30 ,0.99 ,5
lamah_210815,1.76 ,4.01 ,0.00 ,20.08 ,0.32 ,-0.17 ,0.39 ,0.27 ,0.97 ,5
lamah_210856,2.40 ,6.11 ,0.00 ,32.06 ,0.68 ,-0.33 ,0.56 ,0.27 ,0.98 ,5
lamah_210864,1.58 ,3.83 ,0.00 ,29.31 ,0.60 ,-0.34 ,0.38 ,0.20 ,0.97 ,5
lamah_210898,2.34 ,5.28 ,0.00 ,24.86 ,0.77 ,-0.38 ,0.53 ,0.24 ,0.99 ,5
lamah_211086,1.44 ,3.21 ,0.00 ,17.42 ,0.26 ,-0.17 ,0.33 ,0.36 ,0.82 ,5
lamah_211169,1.66 ,3.19 ,0.00 ,9.75 ,0.20 ,-0.10 ,0.34 ,0.26 ,0.89 ,5
lamah_211656,0.65 ,2.00 ,0.00 ,41.47 ,0.77 ,-0.31 ,0.22 ,0.65 ,0.63 ,3
lamah_212027,1.58 ,3.39 ,0.00 ,15.50 ,0.18 ,-0.11 ,0.33 ,0.35 ,0.83 ,5
lamah_212043,1.82 ,11.17 ,0.00 ,108.08 ,1.07 ,-0.75 ,0.84 ,0.60 ,0.46 ,4
lamah_212092,1.77 ,8.14 ,0.00 ,90.17 ,0.66 ,-0.48 ,0.63 ,0.58 ,0.80 ,4
lamah_212100,1.77 ,6.14 ,0.00 ,56.22 ,0.44 ,-0.27 ,0.51 ,0.51 ,0.78 ,4
lamah_212167,1.72 ,6.34 ,0.00 ,68.06 ,0.41 ,-0.31 ,0.51 ,0.55 ,0.91 ,4
lamah_212183,1.64 ,7.74 ,0.00 ,92.47 ,0.60 ,-0.44 ,0.60 ,0.58 ,0.84 ,4
lamah_212316,1.77 ,5.18 ,0.00 ,38.39 ,0.31 ,-0.24 ,0.45 ,0.50 ,0.46 ,5
lamah_212373,1.16 ,3.40 ,0.00 ,40.03 ,0.31 ,-0.19 ,0.28 ,0.52 ,0.38 ,2
lamah_212399,1.66 ,3.59 ,0.00 ,14.33 ,0.33 ,-0.28 ,0.35 ,0.29 ,0.95 ,5
lamah_212431,1.21 ,2.65 ,0.00 ,20.06 ,0.30 ,-0.17 ,0.28 ,0.37 ,0.58 ,5
lamah_212522,1.14 ,2.22 ,0.00 ,12.81 ,0.09 ,-0.05 ,0.23 ,0.31 ,0.49 ,2
lamah_212613,1.64 ,4.48 ,0.00 ,39.44 ,0.41 ,-0.22 ,0.37 ,0.31 ,0.98 ,5
lamah_212647,1.80 ,4.45 ,0.00 ,27.75 ,0.47 ,-0.22 ,0.36 ,0.29 ,0.99 ,5
lamah_212670,1.88 ,4.52 ,0.00 ,25.78 ,0.64 ,-0.28 ,0.37 ,0.26 ,0.99 ,5
lamah_212860,1.23 ,2.71 ,0.00 ,19.81 ,0.25 ,-0.12 ,0.28 ,0.36 ,0.56 ,5
lamah_212878,1.13 ,2.51 ,0.00 ,21.94 ,0.27 ,-0.12 ,0.26 ,0.39 ,0.56 ,2
lamah_212886,0.92 ,1.95 ,0.00 ,17.81 ,0.20 ,-0.10 ,0.21 ,0.56 ,0.65 ,2
lamah_212894,0.81 ,1.41 ,0.00 ,8.17 ,0.18 ,-0.09 ,0.17 ,0.63 ,0.50 ,2
lamah_212928,0.95 ,1.55 ,0.00 ,4.78 ,0.15 ,-0.10 ,0.20 ,0.55 ,0.63 ,2
lamah_213124,1.84 ,3.71 ,0.00 ,10.06 ,0.42 ,-0.36 ,0.36 ,0.27 ,0.96 ,5
lamah_213181,1.17 ,2.48 ,0.00 ,19.11 ,0.31 ,-0.16 ,0.27 ,0.32 ,0.61 ,5
lamah_213306,0.94 ,1.79 ,0.00 ,12.14 ,0.18 ,-0.09 ,0.20 ,0.54 ,0.67 ,2
lamah_2150,2.35 ,6.74 ,0.00 ,37.28 ,0.56 ,-0.40 ,0.53 ,0.35 ,0.97 ,5
lamah_2262,1.61 ,9.59 ,0.00 ,109.92 ,0.91 ,-0.62 ,0.73 ,0.59 ,0.63 ,4
lamah_403,1.53 ,6.28 ,0.00 ,83.89 ,0.33 ,-0.27 ,0.51 ,0.54 ,0.94 ,4
