metric,left_edge,right_edge,count
NSE,-31187.521580634733,-11849.773928190241,0
NSE,-11849.773928190241,-4502.350139820248,0
NSE,-4502.350139820248,-1710.678777872288,0
NSE,-1710.678777872288,-649.9765211906546,0
NSE,-649.9765211906546,-246.96014445480262,0
NSE,-246.96014445480262,-93.83310159790739,0
NSE,-93.83310159790739,-35.652112914497316,0
NSE,-35.652112914497316,-13.5461061568108,3
NSE,-13.5461061568108,-5.146875655074343,3
NSE,-5.146875655074343,-1.9555677994947585,13
NSE,-1.9555677994947585,-0.7430226946808833,31
NSE,-0.7430226946808833,-0.282313262139762,114
NSE,-0.282313262139762,-0.15129748749433777,64
NSE,-0.15129748749433777,-0.07564874374716889,33
NSE,-0.07564874374716889,0.0,51
NSE,0.0,0.07564874374716889,46
NSE,0.07564874374716889,0.15129748749433777,42
NSE,0.15129748749433777,0.282313262139762,39
NSE,0.282313262139762,0.7430226946808833,55
NSE,0.7430226946808833,1.9555677994947585,41
NSE,1.9555677994947585,5.146875655074343,32
NSE,5.146875655074343,13.5461061568108,16
NSE,13.5461061568108,35.652112914497316,18
NSE,35.652112914497316,93.83310159790739,11
NSE,93.83310159790739,246.96014445480262,7
NSE,246.96014445480262,649.9765211906546,4
NSE,649.9765211906546,1710.678777872288,2
NSE,1710.678777872288,4502.350139820248,1
NSE,4502.350139820248,11849.773928190241,0
NSE,11849.773928190241,31187.521580634733,0
NSE,31187.521580634733,82082.70539479423,1
NSE,82082.70539479423,216034.17596068743,0
NSE,216034.17596068743,568582.1996063663,0
NSE,568582.1996063663,1496456.3651634548,0
NSE,1496456.3651634548,3938536.3354472923,0
NSE,3938536.3354472923,10365867.543317443,0
KGE,-61.996116115566,-34.28048362432932,0
KGE,-34.28048362432932,-18.955244798356873,0
KGE,-18.955244798356873,-10.48122043151791,0
KGE,-10.48122043151791,-5.795545396680457,0
KGE,-5.795545396680457,-3.2046217007306765,0
KGE,-3.2046217007306765,-1.7719816759051108,3
KGE,-1.7719816759051108,-0.9798095853334452,6
KGE,-0.9798095853334452,-0.5417814622834205,25
KGE,-0.5417814622834205,-0.299575710696961,58
KGE,-0.299575710696961,-0.18526863077767888,66
KGE,-0.18526863077767888,-0.13895147308325917,28
KGE,-0.13895147308325917,-0.09263431538883944,33
KGE,-0.09263431538883944,-0.04631715769441972,41
KGE,-0.04631715769441972,0.0,44
KGE,0.0,0.04631715769441972,26
KGE,0.04631715769441972,0.09263431538883944,31
KGE,0.09263431538883944,0.13895147308325917,30
KGE,0.13895147308325917,0.18526863077767888,23
KGE,0.18526863077767888,0.299575710696961,41
KGE,0.299575710696961,0.5417814622834205,49
KGE,0.5417814622834205,0.9798095853334452,30
KGE,0.9798095853334452,1.7719816759051108,27
KGE,1.7719816759051108,3.2046217007306765,14
KGE,3.2046217007306765,5.795545396680457,15
KGE,5.795545396680457,10.48122043151791,11
KGE,10.48122043151791,18.955244798356873,14
KGE,18.955244798356873,34.28048362432932,7
KGE,34.28048362432932,61.996116115566,1
KGE,61.996116115566,112.11972548388847,1
KGE,112.11972548388847,202.76807048927733,3
KGE,202.76807048927733,366.705236143775,0
KGE,366.705236143775,663.1849378000215,0
KGE,663.1849378000215,1199.3672802435258,0
KGE,1199.3672802435258,2169.050879971148,0
KGE,2169.050879971148,3922.7197518247567,0
KGE,3922.7197518247567,7094.222820425875,0
