method,metric,n,median,p05,q1,q3,whislo,whishi
Köppen,NSE,626,-0.17136522391802744,-121.41168687794479,-1.8414942086147095,0.07533552911799166,-4.69268811544874,0.8567669036628981
Knoben,NSE,626,-0.06787573433830807,-173.5248018824496,-2.1133304480960784,0.19211264009352616,-5.261444122459243,0.8176891560585358
AUDIOS,NSE,626,-0.007178753234693969,-12.64381535510593,-0.45521043664969124,0.13050843015497998,-1.324230472983738,0.6739445184864228
KnobenK5,NSE,626,0.13097395340639134,-175.23014015563515,-1.4413749628632775,0.541804542804164,-4.386874814907444,0.9631551857763718
AUDIOSK5,NSE,626,0.054843428067634925,-31.653503646169504,-0.6424374500842356,0.49829271867935254,-2.1937246430792205,0.9351639688940849
Köppen,KGE,626,-0.07563899733675761,-21.636063455844592,-0.9644495180431252,0.10416131708363854,-2.544073729793138,0.8593223847980029
Knoben,KGE,626,-0.0236113135512116,-26.073845355796106,-0.9223643383902828,0.21971092787595953,-2.422500828857288,0.7996214994645917
AUDIOS,KGE,626,0.005864224737178403,-5.3313793780052325,-0.2392466300090461,0.14637176645338615,-0.8067101831756718,0.6852926261020093
KnobenK5,KGE,626,0.2776793313313663,-14.426659214280162,-0.46163439891677766,0.5351806630001518,-1.8764169329242693,0.9603025903193687
AUDIOSK5,KGE,626,0.28150802936450053,-4.853951260590879,-0.12627171852657193,0.5582581184092652,-1.131863901205537,0.938138148651233
