MA2,DH5,DL18,FH3,RA1,RA3,CR1,TA2
1.315,4.093336601,0,48.08333333,0.810224961,-0.31164218,0.360240899,0.342216277
0.89,4.421039216,0,70.19444444,1.269066667,-0.486604187,0.352645647,0.473486359
0.99,4.548561905,0,67.30555556,1.301965787,-0.549758726,0.381547089,0.436725211
1.09,5.012695238,0,62.30555556,1.403561835,-0.612199439,0.440260658,0.409332981
1.21,5.659974603,0,61.75,2.645239394,-1.040371916,0.48810304,0.38460982
0.995,4.734177778,0,63.61111111,1.863610789,-0.776959729,0.442845137,0.439601169
0.94,3.90464127,0,59.66666667,1.15606745,-0.469558302,0.307087107,0.446402937
0.9,3.602232026,0,57.05555556,0.811746821,-0.369039839,0.317207109,0.465759849
1.09,4.118513072,0,54.05555556,1.195739408,-0.56007988,0.399934244,0.38953745
1.36,4.700732026,0,47.88888889,1.451722955,-0.685612614,0.438118587,0.332977206
1.2,4.581767974,0,53.66666667,1.5675625,-0.662322565,0.397658544,0.359521254
1.14,4.239199346,0,51.33333333,1.5563639,-0.649059664,0.355804943,0.371639367
1.73,4.862353535,0,36.61111111,1.779753868,-0.624373998,0.423167241,0.275583455
1.35,3.711405229,0,39.66666667,0.812875326,-0.2960551,0.311934527,0.304198143
1.18,3.281796825,0,35.86111111,1.00179711,-0.410344062,0.310090923,0.350377849
0.81,3.140161905,0,65.02777778,1.018819572,-0.404196602,0.325225769,0.481751948
0.89,3.122498413,0,56.66666667,0.898309943,-0.363540433,0.312038461,0.457564321
0.87,3.205996825,0,56.63888889,0.773127548,-0.333750472,0.297870996,0.459616357
0.88,3.346045752,0,54.02777778,1.146449856,-0.421054057,0.317726319,0.447539619
0.5,2.122195286,0,54.36111111,0.715769645,-0.263450872,0.188398449,0.804584866
0.6,2.501188552,0,56.27777778,0.737117976,-0.298716207,0.226354012,0.686197557
0.73,1.958740741,6.194444444,32.75,0.313399831,-0.158876068,0.158450045,0.699414029
0.51,2.076761438,0,56.11111111,0.704066784,-0.259872859,0.194377841,0.797125342
0.39,2.195292063,0,72.58333333,0.989784722,-0.392300069,0.218884536,0.812573593
0.53,2.22784127,0,58.61111111,0.709547855,-0.280975163,0.217725736,0.749836803
0.54,2.365464052,0,59.91666667,0.932028986,-0.373951368,0.235674321,0.689651618
0.53,2.574637255,0,72.22222222,0.776756285,-0.290127804,0.242712611,0.68166678
0.51,2.399957516,0,64.88888889,0.801642661,-0.313952458,0.219524895,0.722260548
0.34,1.790828571,4.055555556,68.97222222,0.765295276,-0.327018233,0.170858186,0.670755043
1.13,2.82330719,0,27.08333333,1.095018146,-0.427392144,0.265604533,0.317206544
0.97,2.008990196,0,18.63888889,0.700174259,-0.288938935,0.21830445,0.407083036
0.86,2.102161905,0,23.94444444,0.900739529,-0.35939018,0.222993396,0.517395339
2.24,4.472166667,0,16.16666667,1.064498237,-0.374968369,0.386485322,0.195967856
2.24,4.527484848,0,15.66666667,1.251094941,-0.421440579,0.413329922,0.222171365
0.21,1.748908497,20.66666667,75.27777778,1.058161089,-0.436017578,0.165439924,0.672410546
0.39,3.846669935,0,111.0833333,0.915393103,-0.378546984,0.232464985,0.562553339
0.97,2.429866013,0,28.5,0.595462748,-0.304704485,0.229833723,0.43008431
0.48,3.852073016,0,90.11111111,2.148344972,-0.788969852,0.302886422,0.593121594
0.49,2.935078431,0,70.58333333,1.225185659,-0.501129877,0.260533994,0.655420674
0.57,3.347117647,0,69.19444444,1.905116564,-0.838897744,0.318430997,0.578693019
0.88,3.541222222,0,61.38888889,0.749398108,-0.325723717,0.274587086,0.440647166
0.59,4.024457516,0,81.16666667,2.152352015,-0.859642857,0.370876623,0.513702043
0.83,2.964702614,0,56.47222222,0.737091672,-0.279548292,0.300260186,0.49723303
1.24,3.53104902,0,41.16666667,1.106277847,-0.441332099,0.373683046,0.33684567
1.11,4.403578431,0,60.58333333,2.084161627,-0.943910608,0.464485576,0.383700208
1.2,3.676035948,0,47.27777778,1.097019868,-0.417385723,0.384035144,0.346564275
1.12,3.945299663,0,53.05555556,1.466537886,-0.605843851,0.403844105,0.397062145
0.32,2.336022876,9,83.41666667,1.357333777,-0.581598291,0.234659165,0.800277134
1.07,3.99937037,0.166666667,54.83333333,1.323916271,-0.565773915,0.395072743,0.422777249
0.78,3.358289562,0,61.5,1.222994636,-0.539952638,0.325467214,0.512965315
1.405,4.69943771,0.083333333,55.86111111,2.033664969,-0.832698491,0.475708971,0.329823953
0.51,2.889272727,0.638888889,70.55555556,1.374141221,-0.576286515,0.276289498,0.643179593
2.46,5.082588235,0,17.02777778,1.442428571,-0.505647621,0.472961028,0.21604478
1.74,4.510163399,0,28.11111111,1.466440505,-0.49889572,0.433368141,0.258077492
1.61,3.714816993,0,20.80555556,0.920717042,-0.342501495,0.36252589,0.265807571
2.01,5.136173203,0,27.44444444,2.095453956,-0.759449994,0.509005328,0.230643169
1.9,3.917143791,0,17.41666667,0.959298246,-0.344107551,0.354977749,0.218582821
1.66,3.644137255,0,20.58333333,1.003687739,-0.37225604,0.342517399,0.248502181
2.95,5.84872549,0,15,1.48903088,-0.512342831,0.548042787,0.260085695
0.25,2.713696078,4.75,87.86111111,1.089778457,-0.464253865,0.281862508,0.834728378
0.33,2.09374183,0,75.5,0.526116342,-0.249680817,0.194855612,0.768663038
0.6,1.661361905,0,34.25,0.186469226,-0.082244302,0.168831933,0.698251469
0.4,1.39169281,0,47.33333333,0.118321839,-0.066910543,0.132226609,0.553448393
1.39,3.957686275,0,41.11111111,1.040173047,-0.510034709,0.412037025,0.297491787
0.94,3.305150327,0,54.75,0.701840823,-0.32898972,0.311397182,0.455035396
0.38,4.261542484,0,111.4722222,0.225099819,-0.15092222,0.259272425,0.804109335
0.46,3.828683007,0,80.30555556,0.19714023,-0.143916765,0.191636,0.849024592
0.41,1.775591503,0,46.13888889,0.087991886,-0.054204606,0.160536816,0.775388012
0,0.194535948,233.3055556,109.3055556,0.253478774,-0.152764748,0.012930304,0.616064532
0.04,0.395169935,48,77.80555556,0.117017115,-0.067583167,0.039541134,0.314187032
0.04,0.200715686,4.361111111,71.61111111,0.074089733,-0.045039453,0.021546944,0.267700368
0.14,0.247035948,0,10.22222222,0.028046844,-0.021864932,0.032884133,0.377702833
0.3,4.344761438,0,70.36111111,0.278645251,-0.223455849,0.376290517,0.886543561
0.4,4.891277778,0,74,0.210827275,-0.155290966,0.292156587,0.84574318
0.03,0.435184127,33.66666667,73.66666667,0.212976773,-0.111465131,0.041152697,0.396625867
0.2,1.892555556,0,78.33333333,1.292811881,-0.493267342,0.16021574,0.725843975
0.08,0.503107843,0,63.36111111,0.046414329,-0.032588989,0.041872937,0.300799191
0.43,3.109735294,0,58.27777778,2.076340746,-0.861771173,0.277495532,0.715976802
0.03,0.202957516,0.083333333,29.86111111,0.279140127,-0.183554974,0.023418686,0.375478276
0.03,0.082215686,61.11111111,22.63888889,0.054652542,-0.033247423,0.009522516,0.394324379
0,0.509522876,246.8333333,97.63888889,1.205652725,-0.549861272,0.04605659,0.772602164
0.02,0.900260317,125.3333333,101.5555556,0.840115082,-0.394715424,0.071826978,0.714597416
0.62,4.560019048,45.58333333,91.05555556,3.944713287,-1.143935911,0.429471052,0.483276209
0.62,3.953186275,0,73.97222222,2.889898071,-0.953851238,0.382130318,0.525221643
0.21,2.623666667,20.47222222,102.1111111,0.739896778,-0.39318484,0.15165628,0.814057797
0.5,2.531611111,0,38.02777778,1.556153075,-0.655520203,0.22331266,0.74179174
0.59,3.161868687,0,49.91666667,0.801494845,-0.395606219,0.205262326,0.669888403
0.25,3.813287582,0,109.1111111,0.680202384,-0.425935764,0.184405304,0.699760547
0.59,3.106660131,0,59.86111111,0.724220211,-0.341810934,0.188070035,0.626538282
0.19,2.720496528,4.333333333,87.47222222,1.395867769,-0.59176939,0.225276103,0.831127358
0.49,2.077088889,0,42.69444444,0.983092692,-0.455629303,0.194493513,0.793499121
0.09,2.004035948,18.33333333,86.02777778,1.899050834,-0.821475691,0.205015012,0.81696332
0.16,1.59067619,0,73.52777778,0.664367172,-0.344201537,0.116580249,0.734294051
0,0.230369281,298.1944444,46.66666667,0.854124748,-0.412135922,0.024456373,0.781627243
0,0.215650794,241.0277778,103.9166667,0.758953301,-0.307851078,0.022694898,0.577501804
0.01,0.602245098,119.5,130.5833333,0.908474138,-0.316655649,0.063357361,0.574617187
0.02,0.204873016,68.08333333,64.44444444,0.316558824,-0.155594507,0.032368292,0.405882021
0.04,0.947149206,62.69444444,78.80555556,1.301826742,-0.543881458,0.11268588,0.723324701
0.02,1.59779085,87.72222222,99.58333333,1.896630225,-0.764455677,0.157245041,0.808507022
0.13,0.380380952,0.027777778,11.22222222,0.348653743,-0.198133415,0.04311639,0.251039376
0.1,0.879546032,71.44444444,84.38888889,0.698963997,-0.208220617,0.085116648,0.470464731
0.01,0.580219048,83.25,83.44444444,0.62913649,-0.340030109,0.050887976,0.696270321
0.16,1.011420139,12.75,53.61111111,0.561316271,-0.197385901,0.08472172,0.478973832
0.11,0.461428571,0,42.52777778,0.455962085,-0.141702504,0.050966447,0.211581366
0,0.126355556,274.6666667,70.27777778,1.380628019,-0.35282716,0.015425009,0.712597473
0,0.236673016,294.1111111,50.83333333,0.653768844,-0.346317657,0.033320083,0.760537314
0.17,0.684047619,1.833333333,39.38888889,0.506566011,-0.167765636,0.075128584,0.244873272
0.09,0.568774603,8.805555556,62.55555556,0.572237872,-0.175442552,0.062477316,0.335922194
0.01,0.465330065,147.2222222,50.72222222,1.141737452,-0.374086022,0.030603496,0.755499414
0.16,1.094339869,0,61.19444444,0.064180861,-0.045503842,0.080179741,0.571805601
0.06,0.378683007,0.027777778,61.52777778,0.036734824,-0.029379152,0.027370196,0.386200889
0.25,1.599745098,0,67.63888889,0.110587734,-0.072011834,0.105642251,0.643331898
0.24,1.255952381,0,60.30555556,0.07528297,-0.050575615,0.090887401,0.552110235
0.21,1.100225397,0,56.44444444,0.055463585,-0.043290688,0.115431851,0.500516823
0.16,2.15669281,0,85.52777778,0.104425705,-0.07412469,0.150046455,0.823623176
0.07,1.020310458,2.222222222,81.69444444,0.064133552,-0.044266327,0.066407925,0.65007033
0.86,4.913454248,0,74.5,0.360566323,-0.228251715,0.261616975,0.568820543
0,0.227104575,251.0277778,92.66666667,0.154690873,-0.112352103,0.016279845,0.648656935
0.15,0.352924837,0,16.58333333,0.039682911,-0.03154784,0.041577876,0.323222693
0.01,0.082388889,33.72222222,19.44444444,0.238294118,-0.146086435,0.021929407,0.560428509
0.41,1.731555556,0,58.88888889,0.157278157,-0.099704238,0.117321204,0.684728884
0.11,0.615961905,2.638888889,76.16666667,0.07988915,-0.04973233,0.049929521,0.300306758
0.06,0.281715686,0,39.80555556,0.192176326,-0.107980603,0.046026815,0.311079932
0.03,0.388279365,0,61.27777778,0.338579639,-0.157168445,0.055991178,0.312419058
0.07,0.569031746,0,39.77777778,0.382370719,-0.235751553,0.065650442,0.488450735
0,0.45532381,204.5555556,140.3888889,0.734387352,-0.265686368,0.056412116,0.645233833
0,0.245714286,208.3055556,136.6388889,0.767692308,-0.343116883,0.037199831,0.550945247
0,0.52172549,232.3333333,110.6666667,1.761044487,-0.54846988,0.087976648,0.744304678
0.12,0.241352381,0,18.16666667,0.027710843,-0.02294395,0.031547989,0.29480215
0.17,1.287937908,0.527777778,61.05555556,0.06714819,-0.041774419,0.064070779,0.59004593
0.26,1.306590476,0,61.47222222,0.063073344,-0.048045426,0.092781585,0.609050939
0.27,1.582013072,0,63.47222222,0.348227092,-0.177470185,0.182954776,0.664496598
0.06,0.567643791,0,80.83333333,0.085013286,-0.05849482,0.082708076,0.479464675
0.28,1.518130719,0,75.11111111,0.160797333,-0.114436433,0.204657908,0.673159353
0.03,0.93498366,130.6111111,102.9722222,0.778772321,-0.231673307,0.098638626,0.614247568
0.59,5.485403175,0,79.69444444,1.531107011,-0.463830671,0.50976343,0.58501361
0.04,3.129860317,141.7777778,132.4444444,3.551591623,-0.776444597,0.400765375,0.867988686
0.61,5.658726984,0,94.61111111,0.376628788,-0.251343108,0.197352676,0.635350094
0.63,5.616390476,0,96.88888889,0.373028466,-0.244141797,0.210124137,0.612904716
1.36,3.957085714,0,37.72222222,0.946511628,-0.428606262,0.331435454,0.36033877
0.67,3.240294118,0,61.83333333,0.866186645,-0.331414281,0.227143619,0.608021587
0.42,5.014026144,5.555555556,120.1388889,1.731496135,-0.610903257,0.372736665,0.584658123
0.7,9.547261438,0,118.0277778,3.772338673,-1.179742379,0.610709698,0.514104133
0.32,6.63024183,68,122.0555556,2.74467033,-0.825163528,0.444131669,0.602846954
0.84,7.838133987,0,96.88888889,3.21367623,-1.111509568,0.512124887,0.495269278
1.01,8.357702614,0,100.5277778,2.387393013,-0.714274331,0.510559342,0.48819647
1.27,4.608444444,0,63.94444444,0.719606349,-0.301475323,0.355433961,0.422314134
1.02,6.343562092,0,94.55555556,0.852076677,-0.421909418,0.404435439,0.479397447
2.31,13.24095098,0,80.94444444,4.128486239,-1.278388356,0.75145097,0.444743223
3.71,16.35310794,0,63.72222222,4.227637171,-1.5534774,1.043976095,0.39028046
2.76,10.11847937,0,54.08333333,2.709479452,-0.977357698,0.732224321,0.391997409
3.76,14.52578413,0,56.22222222,3.434398952,-1.200557144,0.771356256,0.407496573
5.61,19.40398693,0,47.80555556,5.773494713,-2.450397781,0.984848414,0.358246905
6.87,16.7934183,0,24.36111111,3.764251838,-2.00838265,1.092028766,0.435208107
1.8,3.805310458,0,21.61111111,0.656805173,-0.298014963,0.33319849,0.256609098
4.41,9.952603175,0,26.83333333,2.6251592,-1.110252501,0.791858818,0.324910305
6.36,15.51919608,0,28.63888889,4.382873362,-1.756753383,1.005095687,0.365653236
4.02,10.32306349,0,34.41666667,2.143667954,-0.876358452,0.787517619,0.357421715
5.25,12.30937374,0,29.97222222,3.41847297,-1.696695918,0.978060802,0.333399028
5,11.82105714,0,28.61111111,2.261973454,-1.103822955,0.821185053,0.344753968
4.42,9.335316993,0,18.86111111,1.531340951,-0.829712048,0.685031374,0.366769674
0.41,3.006131944,0,71.5,0.146890185,-0.083471302,0.241028724,0.920693296
0.76,4.938019048,0,87.38888889,0.505223967,-0.240386313,0.338533231,0.570982189
1.47,6.274793651,0,66.08333333,0.52664261,-0.235003852,0.369010473,0.379843844
0.59,4.401073016,0,72.11111111,0.181361816,-0.133159098,0.217788224,0.802426682
0.69,3.222533333,0,63.30555556,0.110267229,-0.07391079,0.228940999,0.768762712
0.22,0.435644444,0,12.97222222,0.031112527,-0.025547826,0.062070876,0.452781307
0.07,0.739235294,0.361111111,90.91666667,0.05175772,-0.037499283,0.067025525,0.491880698
0.9,4.184828571,0,61.11111111,0.185738706,-0.110619006,0.262696381,0.614539863
0.7,8.092869841,0,87.77777778,0.622429349,-0.410793569,0.456696662,0.644151247
0.48,4.380838095,0,75.75,0.209471813,-0.133275751,0.235582168,0.822528293
0.74,4.700688889,0,83.44444444,0.293210396,-0.167380381,0.338993379,0.652688627
0.82,3.831488889,0,76.27777778,0.569004754,-0.268085996,0.375517372,0.568594933
1.25,5.801603175,0,76.13888889,1.722227913,-0.712682216,0.401014847,0.427928641
3.97,6.873149206,0,4.944444444,0.322014089,-0.119214294,0.624044363,0.411795924
0.96,5.852228571,0,81.41666667,1.042675751,-0.431737179,0.402734885,0.515528835
3.83,12.08151307,0,43.80555556,3.521988933,-1.379079755,0.792876096,0.403464627
3.5,12.78244762,0,54.88888889,3.889162287,-1.501545346,0.829749599,0.411513952
3.55,10.92289869,0,42.02777778,2.531639752,-0.961077068,0.756871453,0.387781859
1.67,8.857127451,0,78.27777778,1.511223545,-0.576184724,0.593456239,0.445110873
1.88,9.390784127,0,73.36111111,1.985525952,-0.688518119,0.630868981,0.450510208
0.69,6.72452381,0,101.8611111,2.154206257,-0.774915231,0.466557026,0.532899174
1.37,6.89747619,0,78.63888889,1.954169897,-0.798305398,0.469534021,0.436173662
2.93,19.10106032,0,90.66666667,5.829656518,-1.742770972,1.05856021,0.454192392
0.25,7.049794118,31.88888889,106.9166667,3.301450245,-1.384862591,0.408391542,0.69830757
0.1,3.293409524,73.66666667,97.13888889,2.030731146,-0.764950641,0.268369751,0.879736863
0.14,3.472930159,42.86111111,95,1.569296833,-0.603920641,0.25402813,0.849411501
0.88,6.570104762,0,66.75,2.152280936,-0.867234445,0.485710225,0.494487038
2.32,13.72324444,0,64.69444444,4.687441933,-1.719540388,1.132834255,0.327349922
0.5,4.388342857,0.222222222,60.36111111,1.471132898,-0.547977558,0.268190202,0.674326615
0.21,3.910542857,10.55555556,73.63888889,1.75944334,-0.681701079,0.279136233,0.833204072
0.52,4.232666667,0.361111111,61.27777778,1.280076309,-0.518093369,0.263448268,0.681745845
0.07,2.439055556,77.36111111,90.94444444,1.361415981,-0.520854643,0.16043733,0.836489079
0.58,5.237505051,1.027777778,73.63888889,1.725446606,-0.615604987,0.354809548,0.601972072
0,1.480593651,200.75,138.3055556,2.310699894,-0.844521503,0.107757781,0.810690296
0.01,0.678479365,125.4444444,86.83333333,0.99511194,-0.428354684,0.044231844,0.705597277
0,0.914688889,209.0277778,134.8055556,1.500375691,-0.59710252,0.053803729,0.787520656
0,1.040352381,174.0277778,160.5,1.745195531,-0.81562601,0.080133265,0.83539232
0.01,1.107063492,136,104.1944444,1.228555759,-0.457392628,0.06487031,0.761490677
0.1,2.275918301,49.83333333,96.33333333,1.824268228,-0.652446889,0.165457688,0.793156313
0.05,2.119637255,67.61111111,90.77777778,2.299109835,-0.742317865,0.124882406,0.840040467
0.01,1.167580952,160,107.9444444,2.135140112,-0.975097403,0.095659916,0.809651467
0.33,4.704745098,3.777777778,87.38888889,2.804714704,-1.083098969,0.327481911,0.653940999
0.28,1.842615873,0.75,58.55555556,0.70704287,-0.356683839,0.138698026,0.683985205
0.18,1.733930159,21.02777778,74.11111111,0.79571799,-0.369954785,0.11982927,0.677651698
0.3,1.27608254,0.305555556,56.83333333,0.621290952,-0.229424378,0.164708067,0.533862642
0.16,1.760183007,16.08333333,68.22222222,1.654616157,-0.502628399,0.210057693,0.76227519
0.15,1.892581699,15.33333333,75.94444444,1.863966416,-0.514293228,0.177615123,0.783778748
0.57,1.77,0,31.36111111,0.466749164,-0.178302875,0.166634409,0.711095713
0.05,0.902946032,49.30555556,76.5,0.815453972,-0.313807328,0.077730143,0.617047266
0.19,0.693206349,4.027777778,54.80555556,0.193815217,-0.082887029,0.071912144,0.332637633
0.35,1.67388254,10.05555556,74.52777778,0.362375099,-0.128598565,0.141903743,0.634820553
0.34,1.310911111,1.305555556,63.86111111,0.296771536,-0.10907466,0.119826573,0.540622134
0.1,0.521787302,2.25,42.08333333,0.244498789,-0.105364225,0.043467365,0.257657406
0.38,1.877003175,0.944444444,73.72222222,0.351576445,-0.139203107,0.162395088,0.773139314
0.45,2.291101587,1.027777778,81.69444444,0.535374465,-0.204595258,0.212187232,0.832894484
0.5,0.947294118,0,13.83333333,0.196134343,-0.086736566,0.106468108,0.341682007
1.91,5.684114286,0.611111111,49.69444444,0.634328025,-0.29649876,0.482204921,0.329396951
1.26,3.669257143,0,53.72222222,0.839074026,-0.416545339,0.440765569,0.343518264
2.77,8.451419048,0,75.11111111,3.707744309,-2.037253126,0.868472232,0.223105732
2.62,8.200183007,0,62.22222222,3.803503611,-1.806036276,0.773992747,0.239627717
2.6,8.938839869,0,70.02777778,4.241284945,-2.03174347,0.794390317,0.245443416
0.62,3.408590476,0,81.86111111,1.216476252,-0.502649209,0.351643534,0.602959061
0.58,2.165742857,0,55.02777778,0.658085873,-0.255422284,0.22707914,0.774811973
0.58,1.869676471,0,51.22222222,0.29364378,-0.111811604,0.177186903,0.772453817
0.7,2.609339869,0,56.97222222,0.395556426,-0.124344828,0.199463486,0.668337501
0.76,2.847301587,0,56.08333333,0.373324855,-0.127339529,0.219606475,0.599871728
0.38,1.661304762,0,68.41666667,0.267230085,-0.090521703,0.137417739,0.646932296
0.21,2.444819048,13.47222222,101.5277778,0.623506621,-0.19840934,0.151485246,0.793120889
0.1,1.163688889,31.75,96.19444444,0.566047794,-0.220261041,0.096221994,0.566169759
0.37,2.488606349,9.833333333,86.16666667,0.439300728,-0.146459962,0.172685718,0.828539836
0.31,2.227663492,14.52777778,87.16666667,0.352265949,-0.123599593,0.158077229,0.785862303
0.73,2.471142857,0,53.69444444,0.33648449,-0.145488194,0.223326962,0.662699091
0.58,2.699936508,0,73.66666667,0.439157856,-0.153924165,0.215357531,0.713890743
0.63,3.445806349,0,81.72222222,0.579687388,-0.207890736,0.275899868,0.623969886
0.43,2.991034921,0,91.25,0.377344102,-0.139756439,0.230788055,0.77719103
0.57,2.890025397,0,75.72222222,0.344008279,-0.128691613,0.226312864,0.717303485
0.7,2.856634921,0,65.11111111,0.306935484,-0.114464778,0.231579407,0.65402282
0.48,1.582536508,0,54,0.364353253,-0.123011864,0.165245602,0.629552053
0.08,0.444107937,19.25,62.75,0.234997686,-0.10637335,0.051030635,0.305554995
0.01,0.88068254,126.4166667,121.8888889,0.995760542,-0.358867925,0.050102663,0.649056825
0.07,0.784066667,38.36111111,80.11111111,0.514105993,-0.218795104,0.051323829,0.460846684
0.01,0.570584127,162.5555556,134.1111111,0.109037933,-0.062765823,0.058847796,0.603349472
0.23,1.257326984,29.55555556,93.66666667,0.221405027,-0.089676451,0.130708833,0.567123551
0,0.040234921,277,67.08333333,0.045987654,-0.026619048,0.003920528,0.79696962
0,0.037650794,210.25,134,0.033203753,-0.02477,0.004525324,0.741264465
0.02,2.054058824,121.9166667,121.25,1.3922046,-0.533352566,0.169493752,0.811033526
0,0.576574603,253.2777778,74.13888889,1.217542955,-0.462413793,0.045449089,0.808935853
0.03,0.82330719,67.02777778,73.11111111,0.623666667,-0.30351176,0.057132594,0.653468351
0.68,4.026825397,7.805555556,79.75,0.606419798,-0.266754161,0.272842411,0.640003475
0,0.080797386,315.9166667,22.27777778,0.826554054,-0.265882353,0.014732804,0.886562585
0.1,4.260808081,23.47222222,106.3333333,2.164430798,-1.01210818,0.187088617,0.851066506
0,0.494245791,291.3055556,32.55555556,1.665892857,-0.82384131,0.039814411,0.882260162
1.4,2.392138889,0,8.888888889,0.306249654,-0.220163022,0.349701127,0.158721883
1.76,3.154716049,0,11.44444444,0.668023741,-0.29263653,0.289009498,0.185602619
2.11,4.191,0,12.88888889,1.095378275,-0.535174594,0.328115367,0.26399572
2.08,5.550466667,0,26.80555556,1.367882851,-1.068504038,0.289545218,0.282773853
2.84,6.812756173,0,22,1.397605545,-0.7392004,0.373304531,0.4259404
2.73,6.819844444,0,24.88888889,1.496991299,-0.615530803,0.385641963,0.367654772
2.29,5.496425926,0,25.66666667,0.938265478,-0.592981735,0.440328789,0.273073891
2.4,4.863768519,0,12.91666667,1.339676052,-0.7220953,0.409214129,0.339695384
1.25,4.21987619,0,52.63888889,1.227206669,-0.541062266,0.355813224,0.286264552
1.38,3.042803175,0,34.25,0.411158046,-0.183201687,0.249845273,0.205675617
1.03,3.843860317,0,85.30555556,0.611036078,-0.383225434,0.277602332,0.353667117
1.5,4.520780864,0,53.52777778,3.021961251,-1.077365931,0.349697415,0.242223273
1.7,4.145416667,0,51.5,0.563407442,-0.297938017,0.332507008,0.175425169
0.82,5.48067284,0,83.94444444,4.063057192,-1.323967698,0.375754508,0.406493029
1.95,5.305936508,0,40,2.768111224,-1.200157284,0.419060169,0.186494957
1,3.25175873,0,47.66666667,2.081662651,-0.776723186,0.290840013,0.362084506
1.07,3.174380952,0,50.02777778,1.045356179,-0.50979616,0.276670881,0.34608208
0.89,4.220405229,0.027777778,58.63888889,1.850161901,-0.679731849,0.304920834,0.422622366
2.35,4.490688889,0,17.22222222,1.144975787,-0.771655791,0.348997074,0.223089453
1.77,3.378412698,0,19.11111111,0.881578699,-0.549811765,0.316986604,0.154209236
2.08,3.848514286,0,16.86111111,1.319655593,-0.591643892,0.360111704,0.19296806
1.91,5.210612698,0,36.11111111,2.171512926,-1.088796528,0.378934827,0.204750036
1.93,3.820222222,0,18.05555556,1.239551408,-0.526388812,0.334767437,0.172707362
2.07,3.966165079,0,17.66666667,1.026910762,-0.460312209,0.355539325,0.178195895
0.97,5.553831746,0,76.52777778,2.658009479,-1.079448294,0.354240847,0.37418135
0.03,0.038152381,0.25,1.166666667,0.014468085,-0.014137324,0.004933012,0.675324007
0.06,0.124114198,0,15.27777778,0.031764097,-0.026666667,0.013410995,0.548273992
0.29,0.933790476,0,45.36111111,0.129157895,-0.080355085,0.077138512,0.356998224
0.18,0.497015873,0.027777778,33.86111111,0.073010563,-0.046785311,0.050540034,0.238333986
0.43,1.455901587,0.055555556,58.16666667,0.309364665,-0.214296475,0.112350331,0.648501586
1.36,2.921006349,0,33.27777778,0.657039079,-0.365763712,0.422667638,0.299802071
1.45,3.062732026,0,30.36111111,0.636843066,-0.390033398,0.347282129,0.268297462
0.52,1.388298413,0,46.08333333,0.229084754,-0.134669041,0.168512723,0.653536135
0.11,0.301952381,0,24.47222222,0.048722853,-0.036697314,0.03960088,0.355132522
0.23,0.525790476,0,26.75,0.07041762,-0.048100351,0.068344285,0.282074448
0.34,0.720644444,0,22.33333333,0.0865786,-0.057443609,0.096469617,0.285324528
0.23,0.659194444,0.083333333,34.61111111,0.048824764,-0.03792991,0.02421783,0.29320011
0.18,0.593542088,0,32.52777778,0.027962785,-0.025074713,0.034942298,0.232411532
0.22,0.613575758,0,28.72222222,0.023872466,-0.01926546,0.047313495,0.200898361
0.14,0.441961905,0,37.86111111,0.021995173,-0.018012463,0.034445672,0.190641826
0.24,0.6206,0,29.30555556,0.02825794,-0.022355045,0.055054852,0.20446366
0.08,0.26554321,19.5,39.11111111,0.033873048,-0.027960269,0.02037958,0.318372472
0.32,1.210755556,0,46.55555556,0.055902452,-0.042265708,0.085642604,0.53422094
0.19,1.025851852,1.277777778,64.61111111,0.068141643,-0.057016362,0.06034174,0.499282375
0.25,1.103339506,0.083333333,57.75,0.058194286,-0.042727834,0.067580871,0.443467997
0.19,0.623146032,0,47.13888889,0.036388684,-0.031390011,0.053223499,0.304734201
0.01,0.187146032,18.27777778,57,0.062555249,-0.043206019,0.008501143,0.525999278
0.17,0.930212418,0.5,65.11111111,0.08219582,-0.051840189,0.059210423,0.48927754
0.38,1.493981481,0,53,0.076642395,-0.056511027,0.077146613,0.636089144
0.19,0.888819048,0,49.27777778,0.050898611,-0.039577046,0.05356089,0.360366419
0.1,0.503748366,1.111111111,59.25,0.044573544,-0.033550959,0.039604107,0.270007399
0.16,0.616761905,0,56.41666667,0.057550184,-0.039115607,0.0479545,0.29277133
0.6,3.21991358,0,80.08333333,0.193150877,-0.162472042,0.11697951,0.664688848
0.04,1.219387205,48.11111111,125.1944444,0.105846729,-0.079450113,0.0346556,0.638261496
0.32,2.050222222,0,77.88888889,0.165174651,-0.156629106,0.082006028,0.779893134
1.23,2.698787037,0,22.36111111,0.134572161,-0.114957414,0.170895072,0.398155288
0.41,1.257375817,0,40.58333333,0.102366458,-0.072360406,0.090962484,0.487969137
0.53,1.6368,0,47.33333333,0.14330303,-0.104808399,0.114714508,0.654018198
2.2,5.111928105,0,22.22222222,0.606136364,-0.378764233,0.325529777,0.257438864
3.14,7.302515432,0,20.80555556,0.987853592,-0.580268438,0.463812487,0.309695359
3,6.630952381,0,23.19444444,0.726295137,-0.39506086,0.431881518,0.286117777
2.88,6.644503268,0,31.97222222,0.648256967,-0.408699026,0.420691498,0.300692419
3.93,7.089271605,0,10.22222222,0.736809597,-0.393987668,0.506327898,0.368675643
0.63,3.533759259,0.055555556,73.33333333,1.004281298,-0.49410828,0.223737421,0.585210054
5.46,9.889527778,0,15.25,2.208632371,-1.249004466,0.725685556,0.439075473
1.86,6.137861111,0,51.75,1.488018554,-0.858030281,0.454966263,0.324447553
3.8,14.27894286,0,40.38888889,3.823669516,-1.645662207,0.706697984,0.355448139
1.34,2.75984127,0,19.91666667,0.645397832,-0.297476579,0.373793537,0.255923677
1.78,3.980657143,0,29.83333333,1.138287847,-0.600110552,0.594005064,0.209108797
1.63,3.779955556,0,30.61111111,1.065178655,-0.559975309,0.576276866,0.221410827
2.04,5.058574603,0,36.19444444,1.694619262,-0.743035694,0.734536824,0.205394292
1.63,3.5256,0,27.77777778,1.117269276,-0.582598221,0.523588188,0.222373845
1.27,3.835577778,0,49.97222222,1.25460344,-0.666243828,0.569703055,0.330515924
2.05,7.538196825,0,75.72222222,3.59915388,-2.079069122,0.953183742,0.237208847
1.33,5.060996825,0,66.25,1.061229556,-0.415939574,0.650971811,0.316199347
1.92,6.373349206,0,50.41666667,1.584703995,-0.618588664,0.723133279,0.274307998
1.19,5.737184127,0.555555556,76.61111111,1.907016923,-0.958071175,0.615731464,0.347463171
1.77,5.345307937,0,53.33333333,2.220353643,-1.358111761,0.793848642,0.238022781
1.38,3.845069841,0,48.58333333,1.522627025,-0.890536869,0.635110951,0.26933599
0.86,2.470882155,0,45.55555556,1.067007153,-0.480777162,0.412279559,0.461113647
1.86,8.298101587,0,78.16666667,3.788015575,-1.618182235,1.006330333,0.235287469
1.91,8.049971429,0,67.41666667,3.910737661,-1.706057524,0.984585283,0.250963847
1.79,7.217244444,0,74.52777778,3.258697601,-1.444299708,0.823147221,0.261856689
1.7,3.500742857,0,26.75,1.246648273,-0.637442458,0.55491202,0.187923042
1.5,3.666111111,0,31.72222222,0.686846046,-0.366294037,0.452948657,0.220041493
1.2,3.590688889,0,47.58333333,1.354918794,-0.743507747,0.525384632,0.318755125
1.41,2.843104762,0,23.33333333,0.936317129,-0.448264584,0.438084891,0.225983272
1.48,5.072933333,0,56.91666667,2.029133839,-1.027470923,0.607346685,0.281876024
3.05,15.39974286,0,81.5,6.998838634,-3.661336524,1.254376351,0.216115652
1.16,2.531504762,0,21.02777778,0.506145038,-0.204601351,0.351351364,0.319320104
3.43,11.70717778,0,68.5,5.243769248,-2.915938892,1.186327584,0.199261471
4.5,10.36862857,0,26.88888889,0.937345049,-0.476968896,0.923252082,0.277646511
4.14,8.698152381,0,18.05555556,1.073318732,-0.483258065,0.958529496,0.290174087
1.04,4.230780952,0,75.02777778,1.940919513,-1.063289003,0.646975272,0.373414707
1.79,5.593701587,0,55.38888889,1.258859863,-0.630881492,0.692478802,0.264729437
1.135,3.651711111,0,52.83333333,1.130193667,-0.532977597,0.568918176,0.362159559
0.75,4.44952862,0,71.88888889,0.835903753,-0.40567654,0.334408477,0.544269627
1.31,4.057932099,0,50.16666667,0.818313971,-0.312885141,0.356922844,0.334688543
0.9,4.336833333,0,71.69444444,1.26733802,-0.485544102,0.350624285,0.460073909
0.98,3.74437963,0,64.58333333,0.601180602,-0.208642807,0.294238384,0.431522009
0.99,4.483320988,0,68.63888889,1.295384833,-0.544246641,0.380782471,0.430366494
1.2,5.579688272,0,63.80555556,2.618402471,-1.02248535,0.486450259,0.382669772
0.99,4.693240741,0,65.86111111,1.852827314,-0.76943865,0.445233486,0.436244016
0.93,3.860209877,0,61.44444444,1.148009965,-0.463845516,0.306530129,0.442440312
1.41,4.989947531,0,53.05555556,1.50829781,-0.582984872,0.399786125,0.326854337
1.26,4.282367284,0,52.27777778,1.258519979,-0.567670225,0.404518849,0.350793618
0.9,3.502503086,0,58.61111111,0.808686896,-0.365531269,0.315631486,0.461080864
1.58,3.667021605,0,25.08333333,0.641618198,-0.25836621,0.330738139,0.312022396
1.09,4.069333333,0,55.91666667,1.194269518,-0.558985402,0.399676976,0.381532782
1.36,4.610688272,0,49.41666667,1.432371892,-0.67948363,0.435815341,0.326484424
1.2,4.451783951,0,55.08333333,1.555528343,-0.657169943,0.39532606,0.351893654
1.15,3.233209877,5.388888889,40.88888889,0.666189723,-0.314503798,0.300573289,0.349579633
1.13,4.108743827,0,53.66666667,1.541602132,-0.639120316,0.352947051,0.361340757
1.33,3.616805556,0,41.36111111,0.805955906,-0.292558965,0.31050076,0.293591169
1.16,3.256061728,0,37.97222222,0.982195476,-0.401100178,0.306867448,0.340886
1.41,3.55991358,0,31.83333333,0.939416376,-0.372339053,0.341692627,0.264153821
0.82,3.179611111,0,66.25,1.013815131,-0.405809726,0.326503731,0.471924715
0.89,3.152632716,0,58.33333333,0.896257934,-0.364217943,0.312240072,0.448246714
0.87,3.206567901,0,58.13888889,0.759273288,-0.329586485,0.298180395,0.451382908
0.88,3.260993827,0,55.30555556,1.14129203,-0.417021858,0.317070334,0.438182918
0.5,2.079429012,0,58.13888889,0.704212111,-0.261074,0.187510041,0.800607484
0.6,2.438950617,0,59.63888889,0.727950062,-0.295218261,0.223372491,0.678546254
0.37,1.853549206,0,68.44444444,0.562987309,-0.242546654,0.164206038,0.695794628
0.72,1.911139683,6.194444444,34.75,0.308943814,-0.156509524,0.15770668,0.699723719
0.37,1.899209877,8.916666667,64.41666667,0.922863822,-0.437895978,0.202883388,0.716977869
0.92,4.009061728,0,70.41666667,1.080419162,-0.408106335,0.35432124,0.449249585
1,4.003709877,0,63.83333333,0.500753301,-0.192761651,0.296366224,0.433153124
0.61,3.89554321,0.222222222,91.69444444,1.039136648,-0.425570191,0.321128402,0.540099376
1.13,4.66758642,0,60.86111111,1.052776171,-0.411688532,0.369397063,0.399727183
0.95,4.290012346,1.166666667,70.52777778,1.137746835,-0.415061201,0.359563859,0.439020906
0.86,3.961506173,0,70.75,0.790433245,-0.312792814,0.302692534,0.492227387
0.76,3.864339506,0,80.58333333,1.065726779,-0.41543445,0.333842294,0.503833199
1.68,4.980654321,0,52.61111111,1.427081384,-0.496073713,0.451653076,0.266680755
1.12,4.936367003,0,55.11111111,0.706997255,-0.282669405,0.380701726,0.48465737
0.72,4.719484568,0,75.27777778,0.770561978,-0.285492623,0.297239612,0.57849646
1.01,3.872845679,0,47.94444444,0.623791411,-0.234226959,0.288452257,0.472433513
0.95,4.323614198,0,64.63888889,0.736175863,-0.287882041,0.322352121,0.467961562
0.76,4.111682099,0,77.36111111,1.094038519,-0.4306627,0.339289048,0.513515987
0.75,3.678580247,0,74.83333333,1.027751658,-0.398751901,0.336319094,0.518288475
1.82,6.180231481,0,53.75,2.46109303,-0.872737667,0.615838654,0.288772219
1.29,4.170617284,0,58.08333333,1.694568313,-0.621738648,0.448065647,0.336462586
2.38,5.285984568,0,23.05555556,0.358634341,-0.191853389,0.442745062,0.281518308
1.76,4.866817901,0,42.97222222,0.425729947,-0.19175208,0.393280268,0.301834426
1.68,4.721101852,0,44.19444444,0.67980888,-0.269915888,0.391979821,0.323651484
1.73,4.994722222,0,50.66666667,1.437856745,-0.589274055,0.4821718,0.280874905
2.48,7.207429012,0,43.08333333,2.559265244,-0.908612704,0.67390867,0.265643109
2.85,5.110580247,0,4.805555556,0.358379011,-0.117097091,0.481632801,0.370982545
0.51,2.056737654,0,58.19444444,0.705853161,-0.258651209,0.195075459,0.798858722
0.65,2.987450617,0,68.27777778,1.279702626,-0.497878079,0.285812412,0.5647815
0.39,2.225478395,0,75.25,0.998360933,-0.391811065,0.21907764,0.815880344
0.54,2.265842593,0,59.72222222,0.714014107,-0.281187769,0.217930168,0.739659929
0.73,2.600555556,0,48.05555556,1.044661178,-0.407923781,0.27369634,0.558576705
0.54,2.33675,0,62.05555556,0.924067259,-0.370067387,0.235564221,0.685722084
0.55,2.571126543,0,72.75,0.779791246,-0.289897243,0.2434518,0.667790948
0.53,2.388888889,0,64.72222222,0.804055574,-0.312581102,0.219998172,0.709567058
0.45,2.590464052,0.111111111,71.55555556,1.26985667,-0.466777552,0.26137639,0.695680736
0.47,2.50670679,0,78.13888889,1.025428003,-0.388771245,0.245523695,0.696278274
0.62,1.882047619,1.194444444,38.5,0.799641754,-0.326912582,0.204298523,0.761302423
0.39,1.721753086,4.777777778,52,0.629426926,-0.320282005,0.155982152,0.632128228
0.35,1.787962963,4.055555556,68.88888889,0.757890898,-0.323116373,0.169533451,0.657854791
0.97,2.008117647,0,18.63888889,0.697902439,-0.287888316,0.218198495,0.407138799
2.24,4.452259259,0,16.72222222,1.072426493,-0.377295082,0.385330602,0.201775292
0.21,1.748481481,20.66666667,77.55555556,1.051967617,-0.433787526,0.163727861,0.66590979
0.77,1.575698413,0,23.13888889,0.083066948,-0.042506934,0.144319657,0.712038829
0.24,1.455302469,4.75,98,0.104381295,-0.051194214,0.092985049,0.548869622
0.4,3.804410494,0,113.6666667,0.919475432,-0.37828798,0.229876576,0.547584049
2.13,4.357512346,0,17.69444444,1.129279368,-0.388161481,0.389211922,0.214879528
1.74,3.279561728,0,13.55555556,0.881506159,-0.360516529,0.308218329,0.203787744
0.39,2.935385802,0,86.75,0.667523246,-0.321141689,0.191795817,0.705900927
0.96,2.389104938,0,29.63888889,0.598751872,-0.304949675,0.228313765,0.425733851
1.43,3.024503086,0,18.91666667,0.741878519,-0.285826745,0.278506857,0.247899848
0.62,3.706098765,0,78.38888889,1.847927987,-0.697958426,0.308080568,0.532518834
0.48,3.885305556,0,92.72222222,2.138972973,-0.787858032,0.307797151,0.587758624
0.47,2.852802469,0,75.38888889,1.218310034,-0.494592302,0.257768884,0.657687328
0.47,2.957569024,0,81.58333333,0.541970579,-0.251428775,0.1998824,0.689363604
0.57,3.294166667,0,70.83333333,1.88939385,-0.824471744,0.317315848,0.57205815
0.87,3.467885802,0,63.80555556,0.74703827,-0.323290028,0.271971813,0.433329817
0.59,3.972196825,0,80.72222222,2.151125079,-0.857035598,0.366899472,0.515316634
0.26,2.073135802,0.527777778,81.5,0.393205562,-0.170354184,0.197411941,0.74485618
0.37,1.838987302,0,66.5,0.17615991,-0.081952949,0.146405007,0.705082371
0.47,2.218558642,0,68.91666667,0.125602596,-0.068055602,0.19851765,0.826714857
0.52,2.239947531,0,66.61111111,0.313897478,-0.113494774,0.219925944,0.828254938
0.76,3.249765432,0,61.77777778,0.418343383,-0.166431913,0.281915949,0.553000198
0.69,2.85937963,0,59.44444444,0.362326401,-0.126023342,0.245760727,0.616298549
0.53,2.284512346,0,56.75,0.175475553,-0.072137426,0.181065905,0.830557791
0.96,2.562101852,0.722222222,36.08333333,0.160513689,-0.073183288,0.22276807,0.493142374
0.82,2.947299383,0,55.75,0.461640904,-0.18902837,0.280049164,0.525471825
0.64,2.368481481,0.305555556,61.19444444,0.232594142,-0.115709318,0.17946452,0.72169282
0.61,2.403907407,0,66.02777778,0.215593269,-0.105330169,0.171606424,0.741967545
0.61,2.514626543,0,54.83333333,0.19861857,-0.082163578,0.20974351,0.765717448
0.97,3.210222222,0,40.16666667,0.223393115,-0.10801343,0.267889758,0.501263389
0.75,3.519292929,0,65.69444444,1.444723468,-0.615561783,0.345899777,0.509134932
0.7,3.86379798,0,68.86111111,0.507631418,-0.229457032,0.243075028,0.602788672
0.78,4.068711806,0,70.27777778,1.239539432,-0.523248962,0.367835221,0.515295758
0.84,4.174222222,0,53.61111111,0.355128593,-0.159858523,0.27021146,0.559842468
1.28,6.060069444,0,54.63888889,0.975549451,-0.336348379,0.433621873,0.436441037
1.43,4.644128472,0,38.47222222,0.590214286,-0.25035463,0.401302101,0.401687462
1.37,4.371579125,0,43.5,0.47806968,-0.207793555,0.375490119,0.404623771
1.71,5.542218855,0,45.08333333,0.903666352,-0.369224926,0.466360051,0.367958205
2.03,6.792015432,0,50.19444444,0.61740674,-0.289794686,0.497446276,0.303131561
1.24,5.532787037,0,65.33333333,0.461041483,-0.183839747,0.376296479,0.400762687
2.41,6.538391975,0,41.02777778,1.607346939,-0.529987387,0.620624443,0.244981394
2.15,6.244342593,0,49.30555556,0.886470588,-0.374370362,0.565647821,0.243966484
1.6,4.837509259,0,41.13888889,0.425907226,-0.145846835,0.363027997,0.281455648
2.2,7.010592593,0,53.13888889,1.056902511,-0.444969897,0.550128156,0.258673394
1.2,4.144975309,0,58.33333333,0.871346741,-0.406928928,0.364117263,0.340322268
1.34,4.515104377,0,54.33333333,1.092802779,-0.449081557,0.407331496,0.335581467
1.74,3.878391975,0,24.58333333,0.254894695,-0.11422384,0.322431588,0.260798234
1.55,3.695657407,0,28.36111111,0.215069499,-0.099124502,0.299651979,0.285577113
2.55,10.59483951,0,79.08333333,5.873141408,-2.109196658,1.090697847,0.257393613
2.16,8.491301587,0,67.75,5.822370304,-2.177391013,0.873274104,0.243346051
2.35,4.902506173,0,18.61111111,0.675901696,-0.20354832,0.467038047,0.236491014
2.87,5.891959877,0,26.55555556,1.04140595,-0.517359724,0.592891335,0.224552218
2.08,5.823373457,0,57.33333333,2.667412549,-1.068140335,0.653961794,0.21486706
1.94,5.103972222,0,41.36111111,1.225536881,-0.423194251,0.50824116,0.246471038
2.19,5.281873457,0,39.11111111,2.124337739,-0.78721087,0.662584758,0.215864439
2.34,7.058104575,0,52.05555556,3.18581604,-1.368061876,0.841506685,0.230529994
0.83,2.924382716,0,58.33333333,0.726653276,-0.277286693,0.299291028,0.488008438
1.24,3.473981481,0,42.33333333,1.083748892,-0.430254874,0.373690031,0.327467306
1.21,3.611262346,0,47.30555556,1.075458107,-0.411530377,0.382464474,0.33878845
1.28,4.133895425,0,50.19444444,1.573039103,-0.675572029,0.464864169,0.349792982
1.12,3.831518519,0,55.63888889,1.447762199,-0.603758774,0.400624587,0.378839069
0.46,2.627515432,0,81.52777778,1.056329223,-0.466858121,0.233168049,0.690049624
0.54,2.216916667,0,63.75,0.800283375,-0.312229323,0.221219497,0.749033843
0.93,3.633029412,1.888888889,62.88888889,1.612450713,-0.683157692,0.350341545,0.443980345
0.32,2.307839506,9,85.75,1.35612127,-0.583344837,0.236007732,0.794003389
1.04,3.920324074,0.166666667,60.66666667,1.30434349,-0.560459633,0.391315947,0.40350735
0.78,3.327287037,0,65.11111111,1.226689094,-0.539871621,0.325066657,0.49638224
1.4,4.652006173,0.083333333,59.72222222,2.047093582,-0.8322235,0.476832771,0.313631284
1.59,4.830549206,0.333333333,49.97222222,2.08394197,-0.846761939,0.513309506,0.30317413
1.46,4.64540625,0,50.80555556,1.735594448,-0.729898438,0.464432594,0.330311225
1.36,4.436911765,0,54.5,1.628137339,-0.701990375,0.425982372,0.343690056
0.71,2.620203704,0,54.27777778,0.710008299,-0.321775549,0.241894994,0.612672011
0.66,2.928851852,0,67.55555556,1.130303907,-0.479689189,0.277323499,0.565712932
0.63,2.39082716,0,59.22222222,0.755463359,-0.321935092,0.225683541,0.663426611
0.55,2.506012346,0,67.97222222,0.959936232,-0.406453039,0.23621108,0.6735367
0.5,2.324904762,0,66.22222222,0.894843618,-0.406624408,0.22886955,0.729432809
0.43,2.723759259,11.94444444,85.13888889,1.525049845,-0.577227285,0.261331393,0.664585046
0.52,2.882219136,0.638888889,75,1.382952325,-0.577895519,0.279773465,0.616970668
1.63,3.6905,0,21.02777778,0.910713407,-0.337456892,0.363431011,0.266513735
1.72,4.486975309,0,32.52777778,1.391515942,-0.534301315,0.420631451,0.272872547
2.04,4.290080247,0,18.97222222,1.151235763,-0.451573235,0.460354865,0.244429703
0.68,4.388003086,0,80.55555556,1.855590104,-0.693137427,0.319883678,0.509425902
0.25,2.620762346,4.75,90.02777778,1.069066863,-0.453848074,0.278891032,0.839446834
0.33,2.031308642,0,77.63888889,0.519707127,-0.244470985,0.192610396,0.753469882
1.18,1.887356209,0,4,0.140899343,-0.067993657,0.219530127,0.237902622
0.6,1.64991358,0,35.16666667,0.186180422,-0.082189533,0.167694998,0.694748336
0.41,1.379685185,0,47.5,0.118458356,-0.066598851,0.133286146,0.551932126
1.38,3.913765432,0,43,1.042081013,-0.508979213,0.413282122,0.290708574
1.38,3.695731481,0,42.16666667,0.609810034,-0.311097713,0.359302377,0.283350955
1.23,3.046825397,0,31.08333333,0.417665953,-0.233939798,0.304566258,0.31967091
0.94,3.269462963,0,56.47222222,0.70530848,-0.328921965,0.311255002,0.445106588
0.52,2.452126543,0,62.91666667,0.141507402,-0.0798694,0.2480684,0.90625417
0.58,2.052484568,0,39.72222222,0.156956406,-0.092732841,0.221156545,0.825580647
0.29,3.010685185,0.027777778,90.11111111,0.294509566,-0.167534105,0.274672159,0.915616869
0.76,6.093064815,0,116.5555556,0.275406313,-0.204819377,0.513461618,0.69960054
0.38,1.711216049,0,55.27777778,0.166793802,-0.097680628,0.188589783,0.651412473
0.23,1.249364198,0,63.91666667,0.203422667,-0.118306421,0.15796335,0.519892475
0.5,1.400280864,1.138888889,39.55555556,0.093881133,-0.040098877,0.144963694,0.553281404
0.48,1.083188272,0,24.38888889,0.027567442,-0.014476472,0.123585417,0.310199765
0.35,1.092154321,0,48.88888889,0.042566973,-0.022635904,0.115084697,0.409785003
0.39,1.148771605,0,44.69444444,0.033047748,-0.02035834,0.118505188,0.397653913
0.18,1.071441358,2.388888889,80.55555556,0.083993949,-0.038203125,0.111680724,0.532841382
0.4,2.504580247,2.138888889,91.94444444,0.134806588,-0.060261843,0.246230044,0.824095811
0.21,0.650425926,0,30.75,0.04306686,-0.035124437,0.073637007,0.456941013
0.57,2.205521886,0,42.27777778,0.095026164,-0.068000374,0.223838776,0.916956465
0.31,2.769070988,0,71.41666667,0.163407583,-0.113425987,0.174558414,0.925910644
0.39,4.140095679,0,113.5833333,0.222622211,-0.148423868,0.257064843,0.812441316
0.41,1.741305556,0,47.66666667,0.087994342,-0.054246599,0.162613299,0.779296903
0.15,1.804320988,0,71.55555556,0.195326087,-0.127627841,0.176666843,0.812762496
0,0.188830247,237.4166667,117.6666667,0.245016722,-0.148392978,0.012671356,0.596822131
0,0.118205882,279.0277778,51.58333333,0.367364532,-0.184845105,0.017696013,0.783853884
0.04,0.426691358,47.5,83,0.123770264,-0.071402993,0.045232668,0.349733663
0.04,0.221385802,4.361111111,79.94444444,0.082742336,-0.049474206,0.025086227,0.188580752
0.15,0.251987654,0,8.944444444,0.027368617,-0.021095457,0.033162494,0.389693706
0.09,0.54095679,0.388888889,66.75,0.072202152,-0.045300362,0.052067255,0.264878213
0.4,4.744006173,0,76.19444444,0.2055123,-0.151116965,0.292560496,0.851355375
0.03,0.116453704,2.472222222,40.11111111,0.052061679,-0.037790216,0.013129593,0.425160602
0.2,1.268141975,0,74.16666667,0.055667203,-0.043579522,0.107027029,0.670311964
0.03,0.425074074,36.05555556,74,0.209563136,-0.110050283,0.04013042,0.386227212
0.215,1.589098765,9.222222222,92.72222222,0.227823529,-0.083265558,0.191356217,0.675091916
0.2,1.909919753,0,82.22222222,1.319512938,-0.500450542,0.161487803,0.73052904
0.06,0.338052469,0.333333333,71.83333333,0.053515322,-0.040060654,0.034231576,0.3359797
0.03,0.143765432,13,53.11111111,0.043896104,-0.033372348,0.016881579,0.39117043
0.02,0.205009259,44.88888889,78.25,0.048757062,-0.033179546,0.017024896,0.3177357
0.08,0.503104938,0,66.41666667,0.050483976,-0.034928717,0.042537016,0.299226071
0.43,2.945911765,0,55.30555556,2.036265265,-0.83759665,0.269162243,0.729421114
0.03,0.206114198,0.083333333,31.02777778,0.287550077,-0.188114919,0.024037343,0.367866162
0,0.592518519,252.6666667,102.4166667,1.300538278,-0.593326051,0.052253939,0.787686713
0.02,1.002361111,129.3333333,105.3611111,0.901446908,-0.4219896,0.073394718,0.724620642
0.64,4.826990741,48.19444444,91.08333333,4.13249775,-1.202901704,0.432890535,0.470432424
0.39,3.553756173,23.66666667,90.02777778,2.922946237,-0.886518731,0.295937143,0.610016518
0.63,4.084052469,0,75.61111111,2.995834215,-0.990010494,0.388605281,0.51377966
0.29,2.621283951,0,98.75,0.658718223,-0.376398162,0.160937986,0.772928214
0.41,3.612614198,32.88888889,97.61111111,2.590334967,-0.840963248,0.295023784,0.583566324
0.21,2.625817901,21.83333333,106.3888889,0.74363253,-0.396363051,0.154557466,0.803069474
0.52,2.501132716,0,38,1.521690319,-0.637856954,0.223968933,0.735593838
0.59,3.14052381,0,52.58333333,0.811431499,-0.400040462,0.205928634,0.657702315
0.47,4.144024691,0,101.0277778,0.275045443,-0.191708319,0.318797305,0.780417906
0.14,1.12001634,0,77.25,0.169575985,-0.099807862,0.131255355,0.540030716
0.14,1.602419753,5.694444444,100.9166667,0.363029653,-0.196090313,0.199718376,0.6511094
0.69,4.166196078,0,86.97222222,0.282860792,-0.174527027,0.468371242,0.694949185
0.66,4.430537037,0,74.88888889,0.224702271,-0.135747126,0.374542643,0.722684883
0.53,4.045256173,0,70.61111111,0.301048835,-0.17510467,0.288895205,0.743037324
0.2,1.949503268,0,91.08333333,0.079071456,-0.051123457,0.18013813,0.779585721
0.19,2.099104575,0.222222222,92.83333333,0.293039971,-0.178912068,0.191370627,0.786627513
0.09,1.076498413,3.583333333,95.02777778,0.211140315,-0.118695158,0.129384364,0.56917183
0.41,0.712984568,0,8.805555556,0.024677852,-0.016799544,0.098349252,0.19851852
0.25,3.726191358,0,113.6111111,0.677485944,-0.428272251,0.184775972,0.687932345
0.31,3.355479365,0,104.6666667,0.551929825,-0.309420604,0.168738937,0.69079229
0.59,3.048256173,0,62.16666667,0.720413753,-0.340511231,0.187546059,0.618212622
0.2,2.710823529,4.333333333,89,1.415658661,-0.59527782,0.22725202,0.819785634
0.48,2.083604938,0,45,0.978131458,-0.451973737,0.193711464,0.790913906
0.02,1.575817901,107.3888889,119.3055556,1.32140965,-0.662768536,0.117303752,0.798455359
0.05,2.143457912,13.75,97.66666667,2.723809766,-1.088420732,0.202282674,0.835345676
0.09,1.987037037,18.91666667,89.38888889,1.899462159,-0.824826493,0.205799197,0.814335169
0.01,1.136049383,137.3333333,134.5833333,0.604331356,-0.309396914,0.099938927,0.724891286
0.16,1.635774691,0,76.13888889,0.673125,-0.34631772,0.118848198,0.732106691
0,0.247354938,305.3611111,49.72222222,0.877798861,-0.424636615,0.027486225,0.769369233
0,0.215148148,179,176.0833333,0.310815739,-0.158599509,0.024562934,0.442817183
0,0.220574074,248.75,106.3333333,0.763722741,-0.308414097,0.023034019,0.568706012
0.02,0.205194444,70.44444444,65.55555556,0.315504653,-0.153939923,0.03241433,0.39744324
0.04,0.982907407,64.02777778,81.27777778,1.327312349,-0.556348642,0.113789093,0.715950625
0.13,0.377108025,0.027777778,11.38888889,0.337159794,-0.191770742,0.04257537,0.295920448
0.15,0.426492063,0,16.47222222,0.303409194,-0.170278416,0.052240655,0.238754748
0.17,1.06279321,0,64.63888889,0.750271363,-0.246392261,0.102724179,0.472872118
0.01,0.604506173,86.83333333,87.19444444,0.632202142,-0.341224711,0.052064496,0.709007692
0.15,1.017836601,13.52777778,60.33333333,0.579774614,-0.202410936,0.086183248,0.466355616
0,0.239200617,302.6388889,52.44444444,0.650275081,-0.343772455,0.033287818,0.753618875
0.17,0.701231481,1.833333333,40.77777778,0.500925553,-0.167589767,0.075291899,0.253585573
0.12,0.758188272,39.72222222,68.58333333,0.569761171,-0.17892572,0.06559178,0.359673361
0.01,0.457462963,153.7222222,52.25,1.140622711,-0.381138311,0.030394633,0.748788971
0.03,0.693441358,51.44444444,81.02777778,0.088585526,-0.067986747,0.027894383,0.684108134
0.16,1.064802469,0,64.52777778,0.06209654,-0.043971587,0.080077107,0.563740221
0.12,0.652009259,3.666666667,56.88888889,0.046398446,-0.036149241,0.051818809,0.323023432
0.16,2.166407407,0.055555556,88.75,0.133746246,-0.099590011,0.102457986,0.823876272
0.04,0.452169753,0.222222222,68.72222222,0.055143213,-0.047866667,0.02627374,0.553219487
0.18,0.849876543,0,64.30555556,0.056433621,-0.040124767,0.064779516,0.407740806
0.07,0.366864198,0.027777778,57.88888889,0.03659273,-0.02920354,0.0274068,0.399412061
0,0.084398148,234.0833333,121,0.087191919,-0.066639218,0.014297084,0.573172513
0.24,1.259472222,0,63.08333333,0.076030707,-0.050884583,0.090573846,0.550239201
0,0.036352381,329.3888889,4.833333333,0.696134454,-0.6471875,0.005418854,0.974898562
0,0.059404321,350.5555556,4.527777778,1.84382716,-1.074460432,0.009698204,0.976482852
0,0.037126543,353.0833333,2,2.501025641,-1.599016393,0.006597132,0.989477277
0.02,0.048367284,1.638888889,7.611111111,0.067223476,-0.053273703,0.008518257,0.610104455
0.22,0.879095679,40.86111111,65.94444444,0.028975082,-0.017165614,0.135533285,0.472304731
0.11,0.70858642,30.61111111,81.52777778,0.069646999,-0.038065418,0.080505112,0.482101368
0.48,2.386734007,0,64.30555556,0.289858379,-0.159937229,0.184135965,0.8685802
1.25,4.632861111,0,60.13888889,0.478889959,-0.300438,0.384743457,0.467450831
2.12,7.980259259,0,61.58333333,0.333980238,-0.181468865,0.465746183,0.469077214
0.55,3.196851852,0,89.27777778,0.321242093,-0.197108838,0.208290207,0.794155798
0.14,2.170503086,0.527777778,97.02777778,0.165363636,-0.097160863,0.111045706,0.815492947
1.78,8.159493827,0,83.97222222,0.666854267,-0.44124092,0.535116509,0.552623618
7.92,17.87889506,0,24,3.37435061,-2.237124287,1.209536861,0.444211536
4.69,14.98970988,0,54.55555556,2.345703173,-1.518621786,0.916806313,0.411824815
4.19,9.177138889,0,26.11111111,1.913581434,-1.18631688,0.696556833,0.342624559
3.67,9.122580247,0,37.66666667,2.018688767,-1.23142802,0.666000269,0.308585809
5.44,15.02968519,0,46.66666667,3.434076266,-1.961409085,0.914186148,0.355268453
4.83,15.66904938,0,61.97222222,1.762353867,-1.222314106,0.862613245,0.450356712
0.19,0.694398693,0,49.5,0.053797814,-0.037263482,0.053677728,0.398458717
2.24,9.98917284,0,62.75,3.04279395,-1.336326582,0.670617431,0.415893679
3.26,14.81552614,0,63.47222222,5.940308161,-2.226238474,0.90978036,0.370149457
3.74,22.85624691,0,86,10.42721599,-4.10125099,1.041402807,0.35273352
5.03,12.08199048,0,31.77777778,2.958129252,-1.375427564,0.781057684,0.307998837
2.52,6.864657407,0,44.13888889,1.777016445,-0.802774178,0.44675737,0.297583162
2.58,7.752404321,0,50.83333333,2.518881226,-1.220933613,0.553787379,0.297298371
3.22,9.706179012,0,45.66666667,3.429725471,-1.765744026,0.641925356,0.281517547
0.6,5.220441176,0,83.55555556,0.343213595,-0.218878637,0.371929472,0.699770137
0.15,1.593481481,0,69.80555556,0.10246804,-0.072748227,0.105361358,0.773878465
0.86,6.125990741,0,107.5833333,0.249426381,-0.158613911,0.477655689,0.668187527
1.14,7.684839506,0,85.86111111,0.635471799,-0.3662795,0.5532831,0.565510117
0.09,0.80796732,0.027777778,79.19444444,0.068053664,-0.051572212,0.066039183,0.509226068
0.71,5.204188272,0,84.77777778,0.513459973,-0.290960678,0.389138482,0.616556922
0.95,5.739166667,0,83.66666667,0.320740934,-0.180688794,0.419391636,0.576602651
0.21,1.465382716,0,81.02777778,0.112650211,-0.075952853,0.137691306,0.661970363
0.42,3.177975309,0,85.33333333,0.126132001,-0.087833882,0.262416649,0.879483049
0.14,1.44144127,0,85.19444444,0.105197763,-0.0642303,0.110852444,0.695263763
1.38,9.550666667,0,81.44444444,0.725488459,-0.436076787,0.666692356,0.497394613
0.56,4.683367284,0,85.94444444,0.192046263,-0.124410071,0.388680987,0.750121378
0.71,6.061472222,0,86.47222222,0.364628403,-0.227888123,0.515552251,0.657889704
0.74,5.630081699,0,114.0555556,0.168156492,-0.128212435,0.264108109,0.675474877
0.2,1.448592593,0,95.72222222,0.129064023,-0.092095503,0.094259803,0.685907015
0.41,3.436026144,0,105.8333333,0.253375182,-0.185405809,0.216104652,0.83394738
0.38,1.494281046,0,56.02777778,0.075359761,-0.054394592,0.12443799,0.694460247
2.55,9.449555556,0,60.13888889,0.978072917,-0.57488485,0.599860397,0.339190717
3.74,9.199243827,0,28.13888889,0.530466134,-0.245472301,0.634355647,0.361301029
4.1,10.17027778,0,31.63888889,1.64074038,-0.818208757,0.700540965,0.321287482
3.57,8.445762346,0,24.86111111,0.824417614,-0.323820749,0.592023283,0.345136229
6.905,18.09339542,0,38.25,3.939980022,-2.520846448,1.07644106,0.355790532
0.72,5.297587302,0,108.0555556,0.23887868,-0.195766598,0.464204063,0.717114358
0.98,6.251587302,0,103.3611111,0.320216591,-0.254478306,0.533762165,0.615302126
1.18,10.11612346,0,120.3055556,0.578881832,-0.49567474,0.698302771,0.643793092
1.79,9.06370679,0,85.16666667,0.469988433,-0.371196529,0.645484468,0.562164169
1.97,10.05044753,0,88.27777778,0.547280015,-0.432056342,0.70140331,0.563350228
1.45,9.811691358,0,82.75,0.555101939,-0.296377504,0.742641322,0.481913968
0.33,4.272212963,0,106.0833333,0.271182464,-0.158766703,0.27464735,0.83042265
0.86,6.206006173,0,87.25,0.379475285,-0.205790413,0.439013151,0.588890365
0.31,2.981648148,0.638888889,103.3611111,0.207703239,-0.118652322,0.290172713,0.92836983
0.33,2.383317901,0,81.97222222,0.121246753,-0.083237705,0.211734244,0.870007517
1.04,8.67725,0,90.19444444,0.554382915,-0.380466588,0.565806376,0.554163927
1.13,6.889478395,0,78.38888889,0.376403771,-0.240278797,0.466361862,0.57528745
0.3,3.06732716,0,98.66666667,0.177725254,-0.092573833,0.210275014,0.912955725
0.36,5.30025,0,97.47222222,0.405893475,-0.245233044,0.37825893,0.799626287
1.13,8.029478395,0,92.13888889,0.525558036,-0.36706515,0.534858266,0.587157706
0.89,6.299638889,0,77.36111111,0.352852467,-0.195415912,0.475537543,0.623859004
0.57,3.095280864,0,69.55555556,0.121716301,-0.077518709,0.277675763,0.846508184
0.52,2.90787037,0,66.63888889,0.14614339,-0.091208846,0.276294797,0.87129493
0.65,3.38562037,0,61.19444444,0.183126876,-0.107090909,0.308972832,0.786417548
0.18,1.845049383,0,83.16666667,0.129993395,-0.080505112,0.109118542,0.798727954
0.35,3.107950617,0,91.86111111,0.202606635,-0.122975128,0.160241575,0.876131993
0.31,2.842518519,0,92.80555556,0.219095586,-0.130985961,0.159304666,0.894450542
0.15,1.701882716,0,89.27777778,0.166946708,-0.107619721,0.124046824,0.727280704
0.43,3.599234568,0,88.13888889,0.217543814,-0.131719309,0.180329164,0.814185494
0.58,4.702212963,0,86.52777778,0.340150741,-0.194327511,0.247716134,0.696414533
0.72,6.328111111,0,90.83333333,0.523428224,-0.297904696,0.341623264,0.604226572
0.15,2.176527778,0,92.72222222,0.230529307,-0.142084063,0.172647915,0.834333482
0.1,1.466863492,0,90.30555556,0.127753067,-0.077416428,0.107376764,0.739264358
0.27,4.215104938,0,101.9722222,0.363870258,-0.229084617,0.353008445,0.862019527
0.19,2.715552469,0,103.0277778,0.222290341,-0.149737098,0.2053832,0.886140613
0.35,5.383157407,0,112.6111111,0.394267167,-0.227810365,0.397425624,0.777595646
3.11,10.13767284,0,60.19444444,2.850549732,-1.356709277,0.920304686,0.303801292
0.25,2.787003086,0,87.13888889,0.142088496,-0.105053281,0.16329356,0.909831472
0.3,2.809415873,0,86,0.209718717,-0.153826875,0.146925392,0.893986551
0.38,3.319833333,0,80.94444444,0.204748318,-0.138936986,0.157724918,0.832941375
0.52,6.686232323,0,89,0.386697139,-0.233147786,0.346078871,0.707532826
0.17,2.099969136,0,86.27777778,0.102651579,-0.073110448,0.154731072,0.827790997
0.17,2.900028571,0,85.61111111,0.148415166,-0.113860309,0.168311724,0.917752984
0.14,1.684743827,0.611111111,80.16666667,0.116670935,-0.098092573,0.109846025,0.789368775
0.33,2.337787037,0,73.05555556,0.169391026,-0.108848315,0.204103624,0.778179488
0.54,3.85408642,0,66.94444444,0.226708738,-0.15435889,0.228253752,0.773460836
0.53,2.26407716,0,46.75,0.122835222,-0.084361219,0.169455175,0.870205933
0.45,2.396354938,0,67.22222222,0.136180025,-0.090058708,0.197354628,0.868001097
0.49,1.887929012,0,43.91666667,0.072703934,-0.061808099,0.1366513,0.794109266
0.47,1.715944444,0,42.36111111,0.066551868,-0.055163523,0.131905997,0.740050889
0.03,0.100583333,30.05555556,42,0.015650988,-0.013497653,0.010535665,0.41198354
0.19,2.343148148,0,76.08333333,0.122028522,-0.086498247,0.144394725,0.862451291
0.07,0.966907407,2.388888889,82.52777778,0.062816115,-0.043600886,0.066053517,0.63513784
0.05,0.150935185,1.388888889,28.22222222,0.032700798,-0.027062937,0.015681736,0.350037249
0.46,3.512,0,89.72222222,0.206773191,-0.144978214,0.184313749,0.780164312
0.85,4.816904321,0,77.13888889,0.356071946,-0.223069127,0.263556328,0.567649298
0,0.215212963,261.2222222,93.86111111,0.154190751,-0.11176676,0.015870323,0.645687537
0.04,0.08941358,0,17.05555556,0.031421971,-0.028991955,0.014262528,0.605605905
0.15,0.342820988,0,16.58333333,0.038719304,-0.030779862,0.041160564,0.356178171
0.16,0.608364198,0,36.91666667,0.069960894,-0.055684749,0.049575033,0.309267744
0.02,0.145654321,12.36111111,54.11111111,0.064526383,-0.042629147,0.017829884,0.396543601
0.05,0.290148148,0.027777778,28.77777778,0.203585381,-0.126759514,0.044035848,0.433124686
0.01,0.080190476,43.22222222,19.44444444,0.242255489,-0.147667072,0.021164471,0.545309799
0.03,0.142444444,10.05555556,23.41666667,0.149327166,-0.096610446,0.026513644,0.40361511
0.11,0.604024691,2.638888889,76.33333333,0.078384265,-0.048716913,0.04907976,0.287984873
0.02,0.220858025,42.55555556,54.27777778,0.163949091,-0.095972754,0.037416584,0.323509018
0.06,0.276936508,0,40.13888889,0.186364172,-0.10507309,0.045005904,0.316743733
0.03,0.381271605,0,62.19444444,0.33134127,-0.154161743,0.05466235,0.312468633
0.13,0.786466667,0,37.11111111,0.402821172,-0.260688394,0.104251213,0.469027624
0.07,0.56258642,0,39.94444444,0.386415723,-0.237121832,0.064824283,0.517054751
0,0.444333333,212.6111111,142.4722222,0.726545455,-0.263518606,0.054589095,0.642286362
0,0.238969136,217.6944444,137.3888889,0.756245791,-0.339312689,0.036168738,0.548844141
0,0.494367284,239.7777778,115.3055556,1.713890977,-0.532276708,0.085030653,0.693212676
0,0.034190476,230.5,109.4166667,0.440717489,-0.342439024,0.005886417,0.663842986
0.37,2.04457716,0,82.27777778,0.153016698,-0.089535737,0.155533555,0.80188748
0.76,3.310620915,0,64.61111111,0.091547569,-0.040620155,0.207258818,0.720571715
0.11,0.994731481,33.77777778,106.1666667,0.228825456,-0.124791933,0.200813896,0.56724351
0.33,3.078888889,0,96.86111111,0.384611048,-0.232371277,0.285043038,0.884396451
0.49,2.440783951,0,79.91666667,0.215688479,-0.104470771,0.399700478,0.888313468
0.37,3.15737963,0,73.94444444,0.161416819,-0.117956253,0.165033159,0.89798338
0.52,2.549938272,0,59.52777778,0.079702053,-0.052571381,0.185369751,0.902882505
0.29,0.715451178,0,25.30555556,0.040871993,-0.028518408,0.080483801,0.206171793
0.17,1.236320988,0.527777778,62.52777778,0.065936599,-0.041014558,0.063270642,0.568505168
0.2,0.653796296,0,31.75,0.03264829,-0.024070933,0.049620625,0.261942438
0.1,0.584933333,0,64.22222222,0.033686541,-0.027016091,0.04322789,0.346711613
0.26,1.293796296,0,62.47222222,0.062488013,-0.047477241,0.092678726,0.611694208
0,0.157027778,252.3333333,102.75,0.356960784,-0.142695925,0.037630389,0.600312632
0.44,4.02887963,0,93.05555556,0.222224064,-0.156078855,0.153105014,0.760366383
0.36,2.929598765,0,89.08333333,0.159446707,-0.116343936,0.119182431,0.872851665
0.06,0.540395062,0,81.30555556,0.083188093,-0.057276507,0.079604426,0.475348667
0.28,1.458669753,0,75.69444444,0.158044938,-0.112091192,0.200465477,0.659158149
0.83,4.636867284,0,80.02777778,0.369725788,-0.215455627,0.506095675,0.636934194
0.74,2.540203704,0,49.77777778,0.09868277,-0.054720586,0.32124628,0.751404837
0.39,0.756938272,0,11.22222222,0.039556156,-0.023331046,0.113441226,0.274323471
0.03,1.230330159,131.4444444,127.6666667,0.322961424,-0.148050571,0.134751653,0.6556748
0.06,2.018839869,114.6111111,121.9444444,0.681112861,-0.324871089,0.24910598,0.752214477
0.1,1.987491582,83.41666667,110.7222222,0.698330797,-0.325238658,0.252145684,0.731953192
0.06,1.317074074,49.30555556,129.9722222,0.259736417,-0.116283719,0.131285108,0.624998043
0.09,1.078055556,3.055555556,110.7222222,0.119593583,-0.055198716,0.098000585,0.570657558
0.07,1.201972222,29.05555556,120.5555556,0.218210227,-0.093430657,0.129233565,0.607810496
0.03,0.672762346,107.0277778,103.6944444,0.157228786,-0.053165756,0.071123538,0.628332956
0.15,0.759549206,59.30555556,53.86111111,0.165200617,-0.061555748,0.097158839,0.419808703
0,0.132188272,220.1944444,134.8888889,0.11256927,-0.073112745,0.024259202,0.498170482
0.01,0.607595679,162.6666667,123.3055556,0.501679612,-0.202496082,0.093449882,0.608096765
0.02,0.161638095,73.80555556,46.52777778,0.202127907,-0.103009479,0.024602007,0.357718675
0,1.109450617,246.6666667,108.4166667,1.277708831,-0.602882883,0.129014855,0.765028196
0,1.166521605,210.4444444,144.6388889,1.282371871,-0.522286408,0.125323137,0.76373633
0.02,0.883484568,141.5555556,124.1388889,0.771236203,-0.229251969,0.097114438,0.594018888
0.03,0.841212963,83.08333333,68.86111111,1.066756757,-0.494457883,0.121080222,0.691897255
0,0.452712963,277.7222222,77.36111111,0.760314465,-0.23085296,0.060676723,0.732907331
0.57,5.363966049,0,82.25,1.396755981,-0.430303656,0.499564797,0.58697217
0.07,1.409530864,11.77777778,110.8611111,0.529494345,-0.179075158,0.135978809,0.640557999
0.01,1.174438272,171.0555556,157.3611111,0.63558676,-0.175294606,0.112220808,0.621536036
0.04,3.056351852,147.4444444,134.1111111,3.529045643,-0.763983831,0.39860839,0.858391056
0.02,1.385064815,167.4166667,141.0833333,1.244751773,-0.282640902,0.152114779,0.657500543
0.01,0.184330247,165.0833333,56.58333333,0.298388626,-0.160209924,0.040019586,0.479455014
0.1,1.904950617,49.83333333,106.1388889,1.013508646,-0.277915844,0.205243823,0.717039748
0.07,0.550660131,20.52777778,73.02777778,0.055451977,-0.036857232,0.033486939,0.399677193
0.2,1.506506173,0,61.16666667,0.325784805,-0.207798278,0.098730143,0.74152372
0.62,2.726657407,0,69.33333333,0.308047533,-0.198700291,0.19873449,0.680051388
0,0.199820988,243.9444444,111.1388889,0.38129562,-0.155940299,0.037822182,0.588455288
0.59,4.878382716,0,86.25,0.301648987,-0.199974429,0.164886107,0.700320417
0,0.19542284,220.5277778,134.5555556,0.344380165,-0.144493759,0.033290131,0.532072362
0.6,5.545197531,0,96.86111111,0.370679134,-0.246191566,0.193996039,0.64327225
0.61,5.496777778,0,99.16666667,0.367667781,-0.239658005,0.206788972,0.616947432
0.19,3.443009259,0,100.6388889,0.373510939,-0.383620877,0.128638668,0.731769228
0.28,2.329080247,0,99.44444444,0.370290543,-0.216769658,0.141228337,0.803703677
0.26,2.591348765,2.777777778,97.97222222,0.551067563,-0.232216454,0.152605815,0.843881042
2.16,2.976802469,0,1.75,0.222244208,-0.091272043,0.285336834,0.388846794
0.37,3.765095679,3.361111111,96.80555556,1.365618127,-0.604724804,0.291897134,0.671977353
0.93,1.989537037,0,21.22222222,0.333139665,-0.181597444,0.195784627,0.514181604
0.17,2.897756173,27.58333333,118.6111111,1.239267619,-0.467014407,0.257666169,0.840001184
1.32,3.893444444,0,40,0.932779334,-0.420776358,0.326634409,0.353078913
0.66,3.122333333,0,63.38888889,0.85625975,-0.329190283,0.219774592,0.609415665
0.39,3.081311728,0,96.41666667,0.572760389,-0.314564315,0.202720177,0.700010407
1.18,6.015873457,0,90.13888889,0.959285714,-0.388029945,0.378931285,0.434031291
0.23,4.578308642,0,59.33333333,2.89247191,-1.612548632,0.201738023,0.808269266
0.18,1.031990741,0.027777778,14.19444444,0.376074354,-0.306249359,0.038437324,0.607227195
1.26,3.591601852,0,41.66666667,0.471880637,-0.375743739,0.248520343,0.283152767
0.63,4.665873457,0,66.11111111,0.92583792,-0.643254727,0.365201217,0.606665344
0.4,4.851484568,6.222222222,124.8611111,1.728477202,-0.607955147,0.367602568,0.583467624
0.68,9.346759259,0,122.1666667,3.78523704,-1.184417476,0.603049398,0.508484743
0.31,6.429611111,72.33333333,127.1944444,2.748695187,-0.823398494,0.436903704,0.599130722
0.62,6.297441358,0,96.63888889,1.115294699,-0.733830479,0.405387578,0.597755396
0.84,7.682503086,0,99.41666667,3.187099057,-1.08827827,0.508384695,0.491258397
1,8.174669753,0,103.6111111,2.394222787,-0.71458697,0.5061355,0.486241071
1.51,6.792101852,0,79.61111111,1.347434695,-0.510302838,0.487700573,0.432809429
1.25,4.568447531,0,66.41666667,0.721263191,-0.300692288,0.352373695,0.422610601
1,6.151765432,0,97.36111111,0.848045239,-0.420091286,0.399521993,0.475422427
0.46,4.182700617,0,104.5555556,0.933123635,-0.309567991,0.294633245,0.634009873
2.28,13.07121914,0,84.63888889,4.186423547,-1.29293344,0.745923298,0.451743109
2.74,10.16226852,0,55.91666667,2.6809652,-0.952525359,0.730586454,0.405925258
3.73,14.5682284,0,58.83333333,3.468676658,-1.209362576,0.770670584,0.423911157
7.87,18.96975617,0,27.11111111,3.457218654,-1.387694547,1.065072836,0.43802197
5.6,19.40123457,0,49.97222222,5.855205962,-2.467568216,0.986401184,0.379020652
6.83,16.89968519,0,26,3.83376208,-2.036927777,1.09522845,0.469246727
4.13,16.68424916,0,55.22222222,5.571230822,-1.964490507,0.949659173,0.366507826
1.79,3.821098765,0,22.55555556,0.666061257,-0.299964955,0.331124755,0.254046387
4.38,9.946364198,0,27.77777778,2.638918845,-1.104971797,0.779189781,0.335980094
6.31,15.75529321,0,30.22222222,4.450876347,-1.76825152,1.002048508,0.379591536
3.97,10.39958951,0,35.88888889,2.191531609,-0.887360223,0.786188045,0.371132327
4.98,12.09525,0,31.86111111,2.78989506,-1.262608494,0.879105219,0.35854094
5.21,12.39857143,0,31.47222222,3.498751861,-1.729974252,0.981824504,0.338843218
5.37,12.88393016,0,30.27777778,4.195584619,-1.916803249,0.945988448,0.3352901
5,11.81610802,0,29.30555556,2.29300807,-1.110673293,0.820957762,0.363405983
4.41,9.283521605,0,19.47222222,1.542242122,-0.832405574,0.68338468,0.392116628
5.55,12.68522222,0,24.22222222,2.043613808,-1.192886987,0.854969247,0.444087339
0.3,1.434080247,0,72.97222222,0.085637657,-0.053419663,0.125796941,0.647616358
0.18,0.819271605,0,57.22222222,0.061187603,-0.045381803,0.102218957,0.38155453
0.29,1.435274691,0,50.61111111,0.106056299,-0.074281256,0.152954324,0.657299049
0.37,2.316231481,0,66.77777778,0.119566127,-0.077534293,0.244754064,0.890180626
0.93,3.630601852,0,60.11111111,0.116842482,-0.073818537,0.297557777,0.62104146
0.32,1.37792284,0,62.27777778,0.082070275,-0.046166696,0.122691013,0.619352947
0.76,4.914595679,0,88.80555556,0.510549232,-0.241295253,0.337574171,0.569038627
0.55,2.934697531,0,83,0.394438606,-0.20098213,0.236500024,0.731265794
0.71,4.692141975,0,82.33333333,0.225627002,-0.131145878,0.194757182,0.664074075
1.48,6.239910494,0,66.91666667,0.539988701,-0.237736059,0.36718354,0.37136337
0.74,4.656777778,0,55.61111111,0.20590999,-0.139294904,0.277217331,0.753905722
0.59,4.389450794,0,72.58333333,0.179465276,-0.131605923,0.215036101,0.802909448
0.69,3.219574074,0,65.27777778,0.11011149,-0.07383313,0.231473278,0.771785134
0.41,2.762046296,0,78.44444444,0.123491534,-0.084321068,0.16862975,0.92003237
0.9,4.135935185,0,62.33333333,0.182451004,-0.109341063,0.259992829,0.619481822
0.34,1.961811448,0,83.77777778,0.111294619,-0.072801949,0.159808777,0.792763066
0.17,1.207910494,0,67.77777778,0.070735158,-0.050904867,0.110219158,0.634956988
0.74,4.635388889,0,85.08333333,0.289482427,-0.165149479,0.335833922,0.653990241
0.57,3.072373457,0,90.08333333,0.304630977,-0.162730044,0.279988602,0.752805615
0.84,2.87891358,0,51.86111111,0.491956217,-0.262167738,0.369678676,0.543103092
0.8,3.804824074,0,79.83333333,0.565974668,-0.265376375,0.373697654,0.567077051
0.4,2.947561728,0,101.6388889,0.455791246,-0.230569577,0.28183691,0.776089321
0.31,0.995644444,0,45.72222222,0.093426002,-0.061885807,0.128661477,0.407268831
0.17,1.337583333,0,106.4444444,0.113869491,-0.072044879,0.128473341,0.635240763
0.31,1.058215488,0,40.63888889,0.179152709,-0.082476752,0.110175482,0.505732735
0.57,1.277074074,0,15.52777778,0.135853741,-0.068913006,0.147743202,0.559165308
1.23,5.775188272,0,78.72222222,1.709345736,-0.710780242,0.39690137,0.425028638
3.95,6.821854938,0,5.25,0.321493099,-0.118396183,0.620134527,0.438961957
0.95,5.838114198,0,84.36111111,1.047645278,-0.42976155,0.398008147,0.515681651
3.51,7.214537037,0,15.94444444,0.956009481,-0.411287461,0.671176269,0.43790609
3.8,12.0087716,0,45.86111111,3.554174584,-1.387177943,0.788813902,0.415161778
3.43,12.77412963,0,57.72222222,3.888291654,-1.495672576,0.821508161,0.420320378
3.54,10.88120988,0,43.72222222,2.573379435,-0.97206877,0.753785334,0.402912858
1.67,8.824907407,0,81.30555556,1.532626521,-0.582848101,0.592667192,0.450001977
1.86,9.412444444,0,75.75,1.991104377,-0.688840867,0.629835172,0.461187562
1.05,4.910728395,0,74.69444444,1.255553327,-0.493457747,0.357930842,0.461169614
0.67,6.73882716,0,105.0833333,2.170654135,-0.778427512,0.463555332,0.530524994
1.34,6.877385802,0,81.55555556,1.949795982,-0.797109315,0.465000232,0.435130602
0.46,3.704333333,5.222222222,104.5277778,0.953518072,-0.404883007,0.260425026,0.643322501
1.17,7.390064815,0,91.72222222,1.879257162,-0.748190741,0.473684067,0.465652186
2.87,19.05990741,0,93.55555556,5.837401065,-1.739442114,1.047819909,0.463609434
1.28,3.07966358,0,40.55555556,1.044298201,-0.477270058,0.325996973,0.242326196
2.2,4.482491582,0,7.944444444,0.274316274,-0.142027578,0.37720303,0.33557388
0.62,1.286154321,0,11.38888889,0.212681549,-0.15457657,0.103264325,0.35312085
2.18,4.332632716,0,14.5,0.780270929,-0.388117251,0.40529145,0.282674929
1.23,3.052067901,0,30.63888889,0.564852369,-0.320995316,0.34546137,0.29766682
2.6,5.320219048,0,20.69444444,1.498349141,-0.677872464,0.510392444,0.237088085
2.93,5.778768519,0,18.25,1.477264008,-0.685261618,0.548441269,0.281822111
3.11,9.783012346,0,53.5,1.84417537,-1.064318724,0.723318422,0.291942054
3.17,9.801419753,0,53.19444444,2.200984608,-1.189652557,0.747081785,0.273082536
1.48,4.453453704,0,51.38888889,1.873255243,-1.046478873,0.40888865,0.250694744
2.67,7.422033951,0,35.25,0.836600094,-0.445447266,0.548830922,0.363940165
2.51,5.565317901,0,13.05555556,0.380917756,-0.176243386,0.45247891,0.410130788
1.31,5.460410494,0,65.69444444,0.480226472,-0.284718783,0.399188088,0.504856306
1.28,4.430651235,0,47.41666667,0.335862069,-0.212881804,0.331695958,0.50764972
1.76,7.393419753,0,76.05555556,0.564657676,-0.390819931,0.510039256,0.477925026
0.86,3.425117284,0,75.5,0.249950417,-0.179844282,0.275407982,0.701674222
1.47,8.794845679,0,101.5833333,0.580837239,-0.440172748,0.637142667,0.61114496
1.36,7.627268519,0,100.4166667,0.480923304,-0.366545894,0.540418564,0.610790858
2.01,5.372395062,0,28.52777778,0.3413904,-0.20736502,0.481790924,0.45754742
2.31,6.524067901,0,34.33333333,0.565001198,-0.321922184,0.542069124,0.446257054
2.09,5.294367284,0,24.11111111,0.341982878,-0.20276231,0.468331976,0.434791157
1.84,5.083891975,0,32.22222222,0.396378934,-0.263267054,0.431844757,0.445364161
2.7,5.985996825,0,17.97222222,0.666050273,-0.431409367,0.527017353,0.33159584
1.56,5.228703704,0,47.36111111,0.369354361,-0.241198673,0.395426926,0.47970117
1.61,6.858089506,0,82.52777778,0.692677991,-0.585575924,0.507863906,0.515913912
2.08,7.927308642,0,72.77777778,0.74122053,-0.605543704,0.596188701,0.531764741
2.63,5.576962963,0,9.666666667,0.384589431,-0.273629265,0.506785062,0.470054226
1.99,6.500447531,0,50.77777778,0.70335781,-0.427366144,0.535144304,0.385482912
2.11,4.724138889,0,27.88888889,1.026643389,-0.568363824,0.420686601,0.222238743
2.74,6.795725309,0,32.94444444,1.644754802,-0.907475692,0.559656783,0.262661205
2.04,5.713805556,0,39.02777778,0.589036253,-0.351758301,0.440400969,0.317725028
3.46,7.218509259,0,13.5,0.918013507,-0.486375971,0.607812957,0.367941543
1.76,4.943864198,0,37.69444444,0.586456379,-0.330051472,0.419432171,0.36321712
1.81,4.460675926,0,22.72222222,0.393462995,-0.341257092,0.414395316,0.315616292
2.37,5.889046296,0,22.72222222,0.396378641,-0.249106162,0.522013971,0.381758008
1.81,5.148682099,0,36.75,0.412490816,-0.23516057,0.443150759,0.384780066
1.71,4.016490741,0,18.58333333,0.314098188,-0.263464718,0.384529549,0.308337335
1.49,4.33283642,0,37.69444444,0.379077739,-0.318651418,0.36531497,0.379412714
1.39,3.23425,0,24.5,0.672481164,-0.330001275,0.409295982,0.224441958
0.87,2.168305556,0,28.27777778,0.390158506,-0.172661825,0.2501006,0.537727299
3.55,11.45210802,0,57.36111111,1.54452016,-0.78823225,0.825738543,0.31645852
1.97,5.947447531,0,66.36111111,1.188571798,-0.71152524,0.511880904,0.210661754
2.01,4.671910494,0,31.5,1.639307371,-0.662500281,0.47615553,0.170289787
2.6,5.150898148,0,17.36111111,1.245521112,-0.530293449,0.544332834,0.220094476
1.91,5.305555556,0,44.97222222,2.024097597,-1.020144569,0.56480854,0.200311438
2.46,5.260694444,0,18.88888889,1.008832958,-0.47744164,0.499092794,0.237292357
2.73,6.737537037,0,32,1.302081289,-0.676362975,0.613612277,0.267191099
3.19,7.212496914,0,23.69444444,1.266753219,-0.755498401,0.680144633,0.318011334
1.79,4.176453704,0,32.55555556,1.335677195,-0.57968877,0.447500796,0.19368323
3.36,6.882626543,0,18.63888889,1.485723881,-0.701625558,0.690607445,0.298675338
2.26,5.474555556,0,34.05555556,1.457753677,-0.695567317,0.57489773,0.212209729
2.12,5.285259259,0,32.91666667,1.043631631,-0.519589143,0.516771556,0.211912386
1.22,3.131166667,0,34.83333333,0.883841296,-0.38161019,0.332107444,0.296086758
0.57,1.631098765,0,34.08333333,0.447678322,-0.219946421,0.181006178,0.702267403
1.11,2.671191358,0,27.27777778,0.489419077,-0.242753678,0.272853368,0.31202444
1.84,4.080027778,0,25.16666667,0.866023032,-0.383926664,0.409395919,0.193522627
1.91,5.89173064,0,48.02777778,1.705207084,-0.773591139,0.55811404,0.22058379
2.97,9.907719136,0,56.36111111,0.750356431,-0.430906548,0.689910501,0.319140447
2.3,5.06033642,0,16.02777778,0.453807541,-0.276202481,0.46387199,0.339769974
2.09,4.81217284,0,20.52777778,0.374443447,-0.218017512,0.442322891,0.297562214
1.76,4.011398148,0,20.08333333,0.315511622,-0.169324846,0.385486964,0.273942376
2.4,6.10633642,0,32.05555556,0.682593773,-0.334312643,0.55993251,0.268485542
1.58,3.834296296,0,29.30555556,0.598748865,-0.33603389,0.378122279,0.201551311
2.34,5.279959877,0,24.86111111,0.765074735,-0.382203492,0.530949715,0.244771569
1.44,3.20642284,0,17.41666667,0.256810204,-0.174617733,0.33079324,0.358277069
1.66,3.188444444,0,9.75,0.199974912,-0.100286684,0.341566184,0.259058862
0.65,1.996406349,0,41.47222222,0.774595913,-0.309451523,0.22458062,0.651232108
1.58,3.385632716,0,15.5,0.183911364,-0.112146024,0.329539393,0.354161542
1.77,8.140481481,0,90.16666667,0.664967825,-0.47709603,0.633531544,0.581628482
1.77,6.137842593,0,56.22222222,0.438008648,-0.267718737,0.512200197,0.509417941
1.72,6.344734568,0,68.05555556,0.41235685,-0.313120641,0.512200161,0.549805795
1.64,7.744228395,0,92.47222222,0.600567742,-0.43758383,0.601524152,0.581237107
1.66,3.589756173,0,14.33333333,0.333458238,-0.277196915,0.346218595,0.293753107
1.21,2.654697531,0,20.05555556,0.30402741,-0.167044374,0.284871537,0.366186095
1.64,4.482981481,0,39.44444444,0.414690041,-0.223486239,0.374002093,0.313714763
1.8,4.45387963,0,27.75,0.474229087,-0.221910975,0.363429638,0.286293535
1.88,4.51562037,0,25.77777778,0.643190835,-0.283483132,0.368558507,0.255674302
1.23,2.714160494,0,19.80555556,0.249002956,-0.118603967,0.277971492,0.362187598
1.13,2.514466049,0,21.94444444,0.266376891,-0.124245574,0.261618304,0.393962451
0.92,1.946092593,0,17.80555556,0.195764554,-0.098798278,0.207263098,0.555521483
0.95,1.553524691,0,4.777777778,0.151505017,-0.0978592,0.198139783,0.547505581
1.84,3.712802469,0,10.05555556,0.415675351,-0.357191872,0.360171882,0.274529731
1.17,2.476657407,0,19.11111111,0.312616587,-0.157332911,0.273578065,0.324855149
0.94,1.785101587,0,12.13888889,0.176281774,-0.089533095,0.200637679,0.539184358
2.35,6.744185185,0,37.27777778,0.560992661,-0.401981458,0.531540177,0.347270016
1.61,9.592666667,0,109.9166667,0.909767836,-0.621680714,0.727930219,0.588143812
1.53,6.283330247,0,83.88888889,0.326457383,-0.270220544,0.50807294,0.544368938
