dataset,feature,comparator,metric,n,continuous_fcm_value,comparator_value,delta_continuous_minus_comparator,winner,direction
GSCD,BFI1,Koppen,silhouette,355,-0.1587889120797037,-0.1796672951270642,0.0208783830473605,Continuous_FCM,1
GSCD,BFI1,Koppen,calinski_harabasz,355,14.837605558214792,40.08713039227462,-25.249524834059827,Koppen,-1
GSCD,BFI1,Koppen,gap,355,1.0070787382304824,1.1907062579345866,-0.1836275197041041,Koppen,-1
GSCD,BFI1,Knoben,silhouette,355,-0.1587889120797037,-0.1287345763937469,-0.0300543356859568,Knoben,-1
GSCD,BFI1,Knoben,calinski_harabasz,355,14.837605558214792,30.72740232548928,-15.889796767274484,Knoben,-1
GSCD,BFI1,Knoben,gap,355,1.0070787382304824,1.175537183452953,-0.1684584452224708,Knoben,-1
GSCD,BFI2,Koppen,silhouette,355,-0.1589915982859949,-0.2207815455866352,0.0617899473006402,Continuous_FCM,1
GSCD,BFI2,Koppen,calinski_harabasz,355,15.804208845251267,37.924113592345535,-22.119904747094267,Koppen,-1
GSCD,BFI2,Koppen,gap,355,1.030796451275552,1.1858972510452743,-0.1551007997697224,Koppen,-1
GSCD,BFI2,Knoben,silhouette,355,-0.1589915982859949,-0.1110181603120313,-0.0479734379739636,Knoben,-1
GSCD,BFI2,Knoben,calinski_harabasz,355,15.804208845251267,38.28137901016877,-22.477170164917503,Knoben,-1
GSCD,BFI2,Knoben,gap,355,1.030796451275552,1.2604829977336978,-0.2296865464581456,Knoben,-1
GSCD,BFI3,Koppen,silhouette,355,-0.1596105357768272,-0.2754907087842797,0.1158801730074525,Continuous_FCM,1
GSCD,BFI3,Koppen,calinski_harabasz,355,16.27833817823509,40.33345102254925,-24.05511284431416,Koppen,-1
GSCD,BFI3,Koppen,gap,355,0.9815919736256226,1.1503246141685333,-0.1687326405429105,Koppen,-1
GSCD,BFI3,Knoben,silhouette,355,-0.1596105357768272,-0.1188962786450539,-0.0407142571317733,Knoben,-1
GSCD,BFI3,Knoben,calinski_harabasz,355,16.27833817823509,35.48937985298316,-19.211041674748078,Knoben,-1
GSCD,BFI3,Knoben,gap,355,0.9815919736256226,1.1796037338010188,-0.1980117601753961,Knoben,-1
GSCD,BFI4,Koppen,silhouette,355,-0.167164380482643,-0.2526618863636295,0.0854975058809864,Continuous_FCM,1
GSCD,BFI4,Koppen,calinski_harabasz,355,15.218003315881056,37.214477268128974,-21.99647395224792,Koppen,-1
GSCD,BFI4,Koppen,gap,355,0.8842513462459171,1.0406229861454577,-0.1563716398995405,Koppen,-1
GSCD,BFI4,Knoben,silhouette,355,-0.167164380482643,-0.1088384036939147,-0.0583259767887283,Knoben,-1
GSCD,BFI4,Knoben,calinski_harabasz,355,15.218003315881056,36.24799262254095,-21.029989306659893,Knoben,-1
GSCD,BFI4,Knoben,gap,355,0.8842513462459171,1.101826610439268,-0.2175752641933508,Knoben,-1
GSCD,K,Koppen,silhouette,355,-0.2390324183510309,-0.0143056160333888,-0.2247268023176421,Koppen,-1
GSCD,K,Koppen,calinski_harabasz,355,19.044935884591577,6.388151656711156,12.656784227880422,Continuous_FCM,1
GSCD,K,Koppen,gap,355,1.6003644598483333,1.428787626712386,0.171576833135947,Continuous_FCM,1
GSCD,K,Knoben,silhouette,355,-0.2390324183510309,-0.1394109571025918,-0.0996214612484391,Knoben,-1
GSCD,K,Knoben,calinski_harabasz,355,19.044935884591577,10.089670701703028,8.95526518288855,Continuous_FCM,1
GSCD,K,Knoben,gap,355,1.6003644598483333,1.490624660964199,0.1097397988841339,Continuous_FCM,1
GSCD,Q1,Koppen,silhouette,355,-0.0610570086278652,-0.265160139582193,0.2041031309543277,Continuous_FCM,1
GSCD,Q1,Koppen,calinski_harabasz,355,82.25047258580892,7.36471393460936,74.88575865119955,Continuous_FCM,1
GSCD,Q1,Koppen,gap,355,1.658936983226317,0.960505942575871,0.6984310406504459,Continuous_FCM,1
GSCD,Q1,Knoben,silhouette,355,-0.0610570086278652,-0.1848231194180541,0.1237661107901889,Continuous_FCM,1
GSCD,Q1,Knoben,calinski_harabasz,355,82.25047258580892,12.6255516566978,69.62492092911113,Continuous_FCM,1
GSCD,Q1,Knoben,gap,355,1.658936983226317,1.0431867625577007,0.615750220668616,Continuous_FCM,1
GSCD,Q5,Koppen,silhouette,355,-0.0628244109207659,-0.2942007266231186,0.2313763157023526,Continuous_FCM,1
GSCD,Q5,Koppen,calinski_harabasz,355,124.31304383728934,5.206080106278289,119.10696373101104,Continuous_FCM,1
GSCD,Q5,Koppen,gap,355,1.8729640785677493,0.9071183480188408,0.9658457305489084,Continuous_FCM,1
GSCD,Q5,Knoben,silhouette,355,-0.0628244109207659,-0.1869016270914013,0.1240772161706354,Continuous_FCM,1
GSCD,Q5,Knoben,calinski_harabasz,355,124.31304383728934,17.900462248170136,106.4125815891192,Continuous_FCM,1
GSCD,Q5,Knoben,gap,355,1.8729640785677493,1.074888208967101,0.7980758696006482,Continuous_FCM,1
GSCD,Q10,Koppen,silhouette,355,-0.0711336602710574,-0.3013233036058636,0.2301896433348062,Continuous_FCM,1
GSCD,Q10,Koppen,calinski_harabasz,355,134.56550334239475,5.026582327453806,129.53892101494094,Continuous_FCM,1
GSCD,Q10,Koppen,gap,355,2.079228320077781,1.0600843208359336,1.0191439992418472,Continuous_FCM,1
GSCD,Q10,Knoben,silhouette,355,-0.0711336602710574,-0.1764294615465861,0.1052958012755287,Continuous_FCM,1
GSCD,Q10,Knoben,calinski_harabasz,355,134.56550334239475,20.5924003987316,113.97310294366316,Continuous_FCM,1
GSCD,Q10,Knoben,gap,355,2.079228320077781,1.2600013553906353,0.8192269646871457,Continuous_FCM,1
GSCD,Q20,Koppen,silhouette,355,-0.0549653023506818,-0.305455609454512,0.2504903071038302,Continuous_FCM,1
GSCD,Q20,Koppen,calinski_harabasz,355,151.5867424604901,4.579248554367004,147.00749390612307,Continuous_FCM,1
GSCD,Q20,Koppen,gap,355,2.2772002942504512,1.1733032633648852,1.103897030885566,Continuous_FCM,1
GSCD,Q20,Knoben,silhouette,355,-0.0549653023506818,-0.1846126839402842,0.1296473815896024,Continuous_FCM,1
GSCD,Q20,Knoben,calinski_harabasz,355,151.5867424604901,21.55027045056237,130.0364720099277,Continuous_FCM,1
GSCD,Q20,Knoben,gap,355,2.2772002942504512,1.388550403872622,0.8886498903778292,Continuous_FCM,1
GSCD,Q50,Koppen,silhouette,355,-0.0082550774739199,-0.3881939838524224,0.3799389063785025,Continuous_FCM,1
GSCD,Q50,Koppen,calinski_harabasz,355,199.8683035440589,4.223905007206346,195.64439853685252,Continuous_FCM,1
GSCD,Q50,Koppen,gap,355,2.424701659576411,1.1195122716580863,1.3051893879183245,Continuous_FCM,1
GSCD,Q50,Knoben,silhouette,355,-0.0082550774739199,-0.2206775982602383,0.2124225207863183,Continuous_FCM,1
GSCD,Q50,Knoben,calinski_harabasz,355,199.8683035440589,19.943448380885656,179.92485516317325,Continuous_FCM,1
GSCD,Q50,Knoben,gap,355,2.424701659576411,1.3210029998962192,1.103698659680192,Continuous_FCM,1
GSCD,Q80,Koppen,silhouette,355,-0.0707038050230051,-0.4268707947193832,0.3561669896963781,Continuous_FCM,1
GSCD,Q80,Koppen,calinski_harabasz,355,144.9979322282867,3.6893951043133058,141.3085371239734,Continuous_FCM,1
GSCD,Q80,Koppen,gap,355,2.3241170697849727,1.2406577433358494,1.0834593264491237,Continuous_FCM,1
GSCD,Q80,Knoben,silhouette,355,-0.0707038050230051,-0.2090921215993508,0.1383883165763456,Continuous_FCM,1
GSCD,Q80,Knoben,calinski_harabasz,355,144.9979322282867,19.647300346340685,125.350631881946,Continuous_FCM,1
GSCD,Q80,Knoben,gap,355,2.3241170697849727,1.4447798175458502,0.8793372522391228,Continuous_FCM,1
GSCD,Q90,Koppen,silhouette,355,-0.1364542345907652,-0.4287548748683221,0.2923006402775569,Continuous_FCM,1
GSCD,Q90,Koppen,calinski_harabasz,355,111.77261986986208,3.3072602821118005,108.46535958775029,Continuous_FCM,1
GSCD,Q90,Koppen,gap,355,2.1754925219840606,1.2557950991718905,0.9196974228121704,Continuous_FCM,1
GSCD,Q90,Knoben,silhouette,355,-0.1364542345907652,-0.2003374942120078,0.0638832596212426,Continuous_FCM,1
GSCD,Q90,Knoben,calinski_harabasz,355,111.77261986986208,21.250937143641146,90.52168272622094,Continuous_FCM,1
GSCD,Q90,Knoben,gap,355,2.1754925219840606,1.4818294664217213,0.6936630555623395,Continuous_FCM,1
GSCD,Q95,Koppen,silhouette,355,-0.1849034398886138,-0.4458709305951904,0.2609674907065765,Continuous_FCM,1
GSCD,Q95,Koppen,calinski_harabasz,355,95.33475064074716,3.31335609708329,92.02139454366387,Continuous_FCM,1
GSCD,Q95,Koppen,gap,355,2.0220121596782112,1.1973592708822067,0.8246528887960042,Continuous_FCM,1
GSCD,Q95,Knoben,silhouette,355,-0.1849034398886138,-0.1937644904502244,0.0088610505616105,Continuous_FCM,1
GSCD,Q95,Knoben,calinski_harabasz,355,95.33475064074716,22.150403237783536,73.18434740296361,Continuous_FCM,1
GSCD,Q95,Knoben,gap,355,2.0220121596782112,1.4330958017533506,0.5889163579248606,Continuous_FCM,1
GSCD,Q99,Koppen,silhouette,355,-0.2483749573190979,-0.4621890053332294,0.2138140480141314,Continuous_FCM,1
GSCD,Q99,Koppen,calinski_harabasz,355,81.46989150602033,3.708839118224696,77.76105238779563,Continuous_FCM,1
GSCD,Q99,Koppen,gap,355,1.7346423580312955,1.0020048173862834,0.7326375406450123,Continuous_FCM,1
GSCD,Q99,Knoben,silhouette,355,-0.2483749573190979,-0.1969136869720512,-0.0514612703470467,Knoben,-1
GSCD,Q99,Knoben,calinski_harabasz,355,81.46989150602033,23.584561082968317,57.88533042305202,Continuous_FCM,1
GSCD,Q99,Knoben,gap,355,1.7346423580312955,1.2488560494691994,0.4857863085620963,Continuous_FCM,1
GSCD,T50,Koppen,silhouette,213,-0.1011259796748715,-0.0650071133321608,-0.0361188663427107,Koppen,-1
GSCD,T50,Koppen,calinski_harabasz,213,12.987556347288352,13.09358772374553,-0.106031376457178,Koppen,-1
GSCD,T50,Koppen,gap,213,0.8502114962418296,0.7530873222227825,0.0971241740190471,Continuous_FCM,1
GSCD,T50,Knoben,silhouette,213,-0.1011259796748715,-0.2974432825022241,0.1963173028273526,Continuous_FCM,1
GSCD,T50,Knoben,calinski_harabasz,213,12.987556347288352,9.658007970088557,3.329548377199796,Continuous_FCM,1
GSCD,T50,Knoben,gap,213,0.8502114962418296,0.8293444989847014,0.0208669972571282,Continuous_FCM,1
GSCD,RC,Koppen,silhouette,355,-0.1464756876964436,-0.1735496338777625,0.0270739461813189,Continuous_FCM,1
GSCD,RC,Koppen,calinski_harabasz,355,46.49000558872415,12.405373075216604,34.08463251350754,Continuous_FCM,1
GSCD,RC,Koppen,gap,355,1.754858536400116,1.3762963515716933,0.3785621848284228,Continuous_FCM,1
GSCD,RC,Knoben,silhouette,355,-0.1464756876964436,-0.1287091251564479,-0.0177665625399957,Knoben,-1
GSCD,RC,Knoben,calinski_harabasz,355,46.49000558872415,38.77936527782842,7.710640310895735,Continuous_FCM,1
GSCD,RC,Knoben,gap,355,1.754858536400116,1.6829362523828233,0.0719222840172926,Continuous_FCM,1
GSCD,QMEAN,Koppen,silhouette,355,-0.0294256777321249,-0.3364571138738519,0.307031436141727,Continuous_FCM,1
GSCD,QMEAN,Koppen,calinski_harabasz,355,178.19460183930795,4.278384951015026,173.91621688829292,Continuous_FCM,1
GSCD,QMEAN,Koppen,gap,355,2.2286139631152797,1.007769329666317,1.2208446334489622,Continuous_FCM,1
GSCD,QMEAN,Knoben,silhouette,355,-0.0294256777321249,-0.193866723919832,0.1644410461877071,Continuous_FCM,1
GSCD,QMEAN,Knoben,calinski_harabasz,355,178.19460183930795,19.71698118959901,158.47762064970894,Continuous_FCM,1
GSCD,QMEAN,Knoben,gap,355,2.2286139631152797,1.2062768486597832,1.022337114455496,Continuous_FCM,1
