Signature,Unit,Köppen,Knoben,KnobenK5,AUDIOS,AUDIOSK5
BFI1,–,0.131,0.133,0.121,0.145,0.102
BFI2,–,0.140,0.136,0.125,0.152,0.104
BFI3,–,0.137,0.136,0.123,0.150,0.102
BFI4,–,0.152,0.148,0.135,0.165,0.112
K,day⁻¹,0.030,0.029,0.028,0.028,0.025
Q1,mm day⁻¹,10.121,9.729,8.609,7.155,5.617
Q5,mm day⁻¹,5.133,4.748,4.287,3.194,2.434
Q10,mm day⁻¹,3.787,3.449,3.136,2.299,1.683
Q20,mm day⁻¹,2.676,2.421,2.164,1.563,1.116
Q50,mm day⁻¹,1.308,1.193,1.042,0.694,0.482
Q80,mm day⁻¹,0.662,0.602,0.522,0.392,0.273
Q90,mm day⁻¹,0.498,0.448,0.394,0.319,0.233
Q95,mm day⁻¹,0.412,0.369,0.326,0.277,0.206
Q99,mm day⁻¹,0.296,0.264,0.234,0.208,0.154
T50,water-year day,33.189,31.997,25.284,31.825,23.968
RC,–,0.344,0.296,0.278,0.286,0.236
QMEAN,mm year⁻¹,656.948,599.042,530.842,361.788,264.842
