dataset,feature,method,variant,target_n,pooled_rmse,mae,legacy_mean_pointwise_rmse,median_absolute_error,mean_used_donor_n,minimum_available_same_class_donor_n
GSIM,MEAN,Continuous_FCM,ClassMean,831,13.27775987651582,7.8676274129147226,7.8676274129147226,5.1143132252329195,181.92539109506617,52
GSIM,MEAN,Continuous_FCM,MatchedK5,831,11.524138434955759,6.6396008489603107,6.6396008489603107,3.916561031775597,5,52
GSIM,SD,Continuous_FCM,ClassMean,831,16.400336147904536,10.042974213381102,10.042974213381102,6.4898682453179362,181.92539109506617,52
GSIM,SD,Continuous_FCM,MatchedK5,831,13.362107222184203,8.3253102251882698,8.3253102251882698,4.7849480571369281,5,52
GSIM,CV,Continuous_FCM,ClassMean,831,1.0001354276572993,0.54473273551398227,0.54473273551398227,0.31950256662035281,181.92539109506617,52
GSIM,CV,Continuous_FCM,MatchedK5,831,0.84883450119404158,0.4028599261730032,0.4028599261730032,0.20062681020225104,5,52
GSIM,IQR,Continuous_FCM,ClassMean,831,12.912990327242778,7.4195208392978023,7.4195208392978023,4.4252780825396947,181.92539109506617,52
GSIM,IQR,Continuous_FCM,MatchedK5,831,11.185224675629042,6.1748813043182027,6.1748813043182027,3.3547500000000006,5,52
GSIM,MIN,Continuous_FCM,ClassMean,831,2.3596448707121529,1.2557701502892855,1.2557701502892855,0.80352973987105325,181.92539109506617,52
GSIM,MIN,Continuous_FCM,MatchedK5,831,2.1514458130515068,1.0629627000319368,1.0629627000319368,0.5256000008583066,5,52
GSIM,MAX,Continuous_FCM,ClassMean,831,134.67882367532488,78.350853367888874,78.350853367888874,48.539645763425625,181.92539109506617,52
GSIM,MAX,Continuous_FCM,MatchedK5,831,107.50871480802589,64.544579008342836,64.544579008342836,37.378,5,52
GSIM,MIN7,Continuous_FCM,ClassMean,831,2.5178945802536603,1.3418619198499822,1.3418619198499822,0.85964895470942881,181.92539109506617,52
GSIM,MIN7,Continuous_FCM,MatchedK5,831,2.2954586351771917,1.1408402259090205,1.1408402259090205,0.56500000572204812,5,52
GSIM,MAX7,Continuous_FCM,ClassMean,831,72.067969501969699,43.854773089108932,43.854773089108932,29.035110201652067,181.92539109506617,52
GSIM,MAX7,Continuous_FCM,MatchedK5,831,57.480844384542529,36.034256702857377,36.034256702857377,20.994399683925039,5,52
GSIM,P10,Continuous_FCM,ClassMean,831,3.3836827088923251,1.7166157700310414,1.7166157700310414,0.99583680351225279,181.92539109506617,52
GSIM,P10,Continuous_FCM,MatchedK5,831,3.0524022724499158,1.4717138982141278,1.4717138982141278,0.73110002040863087,5,52
GSIM,P20,Continuous_FCM,ClassMean,831,4.3563112863826738,2.1527277344157456,2.1527277344157456,1.1650765806527261,181.92539109506617,52
GSIM,P20,Continuous_FCM,MatchedK5,831,3.883068070863283,1.8504756780303631,1.8504756780303631,0.92570000195503244,5,52
GSIM,P30,Continuous_FCM,ClassMean,831,5.3417010281635946,2.6429068831414524,2.6429068831414524,1.4116669167603082,181.92539109506617,52
GSIM,P30,Continuous_FCM,MatchedK5,831,4.7695765199308768,2.2982926916030584,2.2982926916030584,1.1284399999999999,5,52
GSIM,P40,Continuous_FCM,ClassMean,831,6.5634634211364977,3.3357469589257924,3.3357469589257924,1.8077405204207699,181.92539109506617,52
GSIM,P40,Continuous_FCM,MatchedK5,831,5.9088415640840752,2.9257819667224862,2.9257819667224862,1.4466799961853041,5,52
GSIM,P50,Continuous_FCM,ClassMean,831,8.2080249056105057,4.3341622048604904,4.3341622048604904,2.3740771390711499,181.92539109506617,52
GSIM,P50,Continuous_FCM,MatchedK5,831,7.4092814777316622,3.7813517661419409,3.7813517661419409,1.9019999999999997,5,52
GSIM,P60,Continuous_FCM,ClassMean,831,10.679997015598714,5.8147590661601232,5.8147590661601232,3.2216393994206385,181.92539109506617,52
GSIM,P60,Continuous_FCM,MatchedK5,831,9.634360141442345,5.0349810706746068,5.0349810706746068,2.6058399816036228,5,52
GSIM,P70,Continuous_FCM,ClassMean,831,14.216961823219686,8.0274463502682849,8.0274463502682849,4.7916060794790303,181.92539109506617,52
GSIM,P70,Continuous_FCM,MatchedK5,831,12.651714473073405,6.8485498462210934,6.8485498462210934,3.6599999718666094,5,52
GSIM,P80,Continuous_FCM,ClassMean,831,19.712403884639343,11.608487132812343,11.608487132812343,7.4918527876907106,181.92539109506617,52
GSIM,P80,Continuous_FCM,MatchedK5,831,17.213920592758331,9.6477642129317172,9.6477642129317172,5.3119999465942342,5,52
GSIM,P90,Continuous_FCM,ClassMean,831,30.185181076724902,18.576417914526655,18.576417914526655,12.893446700607399,181.92539109506617,52
GSIM,P90,Continuous_FCM,MatchedK5,831,25.591072802806849,15.197732199317038,15.197732199317038,8.6246999782562277,5,52
GSIM,GINI,Continuous_FCM,ClassMean,831,0.12251994311110262,0.091453062239181163,0.091453062239181163,0.068749053979467512,181.92539109506617,52
GSIM,GINI,Continuous_FCM,MatchedK5,831,0.10750051063336918,0.073500264855429626,0.073500264855429626,0.050549473158825853,5,52
GSCD,BFI1,Continuous_FCM,ClassMean,355,0.14524597187502364,0.11289059460071096,0.11289059460071096,0.093253005699939329,74.687323943661966,10
GSCD,BFI1,Continuous_FCM,MatchedK5,355,0.10245977626225895,0.072450704389894496,0.072450704389894496,0.049999976158142001,5,10
GSCD,BFI2,Continuous_FCM,ClassMean,355,0.15194596108804229,0.12059083779323074,0.12059083779323074,0.10329788415989977,74.687323943661966,10
GSCD,BFI2,Continuous_FCM,MatchedK5,355,0.10367919122998026,0.074112676598236615,0.074112676598236615,0.052000021934509144,5,10
GSCD,BFI3,Continuous_FCM,ClassMean,355,0.15049372020188312,0.12016610264341167,0.12016610264341167,0.099518079355538247,74.687323943661966,10
GSCD,BFI3,Continuous_FCM,MatchedK5,355,0.10176819821985149,0.072005634563909418,0.072005634563909418,0.049999999999999767,5,10
GSCD,BFI4,Continuous_FCM,ClassMean,355,0.16533323299098138,0.13331525507587544,0.13331525507587544,0.11619049097810491,74.687323943661966,10
GSCD,BFI4,Continuous_FCM,MatchedK5,355,0.1117650453571731,0.080552112877788656,0.080552112877788656,0.058000010251998746,5,10
GSCD,K,Continuous_FCM,ClassMean,355,0.02770212773247429,0.021007561965613632,0.021007561965613632,0.016746986230992439,74.687323943661966,10
GSCD,K,Continuous_FCM,MatchedK5,355,0.025058579570523438,0.017301408668429077,0.017301408668429077,0.013999998569488539,5,10
GSCD,Q1,Continuous_FCM,ClassMean,355,7.1548455645563243,4.6497719580244512,4.6497719580244512,2.832530498504612,74.687323943661966,10
GSCD,Q1,Continuous_FCM,MatchedK5,355,5.6166783010820085,3.4552788639509364,3.4552788639509364,1.8960002899169606,5,10
GSCD,Q5,Continuous_FCM,ClassMean,355,3.1942308760041795,2.1963452687973235,2.1963452687973235,1.4646809031354588,74.687323943661966,10
GSCD,Q5,Continuous_FCM,MatchedK5,355,2.434092911312939,1.5800000207692806,1.5800000207692806,1.0480000257492077,5,10
GSCD,Q10,Continuous_FCM,ClassMean,355,2.298878095399195,1.5595244444629486,1.5595244444629486,1.0094681749952619,74.687323943661966,10
GSCD,Q10,Continuous_FCM,MatchedK5,355,1.6827450647448878,1.0660450814569917,1.0660450814569917,0.67800016403198038,5,10
GSCD,Q20,Continuous_FCM,ClassMean,355,1.562661735832374,1.0151126715323537,1.0151126715323537,0.6295744929700452,74.687323943661966,10
GSCD,Q20,Continuous_FCM,MatchedK5,355,1.1155815843878563,0.65327323599600462,0.65327323599600462,0.34600009918213015,5,10
GSCD,Q50,Continuous_FCM,ClassMean,355,0.69387009893969875,0.40234706723181024,0.40234706723181024,0.20059999886900171,74.687323943661966,10
GSCD,Q50,Continuous_FCM,MatchedK5,355,0.48208508209877127,0.27988732315285098,0.27988732315285098,0.15199995040893599,5,10
GSCD,Q80,Continuous_FCM,ClassMean,355,0.39190509961267367,0.22257293013708665,0.22257293013708665,0.10630953063567486,74.687323943661966,10
GSCD,Q80,Continuous_FCM,MatchedK5,355,0.27264881232590887,0.1539492947650207,0.1539492947650207,0.086000013351441806,5,10
GSCD,Q90,Continuous_FCM,ClassMean,355,0.31947978351379169,0.18736549462971691,0.18736549462971691,0.091808511518893077,74.687323943661966,10
GSCD,Q90,Continuous_FCM,MatchedK5,355,0.23319858239781649,0.12872676111862688,0.12872676111862688,0.070000009238719962,5,10
GSCD,Q95,Continuous_FCM,ClassMean,355,0.27722929735952029,0.1663421661612926,0.1663421661612926,0.087228923676961334,74.687323943661966,10
GSCD,Q95,Continuous_FCM,MatchedK5,355,0.20567932807346853,0.11452957589861373,0.11452957589861373,0.063999995589256023,5,10
GSCD,Q99,Continuous_FCM,ClassMean,355,0.20841736805589167,0.12904180471091431,0.12904180471091431,0.069255319582496588,74.687323943661966,10
GSCD,Q99,Continuous_FCM,MatchedK5,355,0.15410093725427904,0.088354930519847705,0.088354930519847705,0.050000002980232577,5,10
GSCD,T50,Continuous_FCM,ClassMean,213,31.825283486422336,25.490008379952275,25.490008379952275,21.647500258225648,45.079812206572768,22
GSCD,T50,Continuous_FCM,MatchedK5,213,23.967705050013404,17.301145684327309,17.301145684327309,13.199999999999989,5,22
GSCD,RC,Continuous_FCM,ClassMean,355,0.28604843556734094,0.19758734754812959,0.19758734754812959,0.14425529476175875,74.687323943661966,10
GSCD,RC,Continuous_FCM,MatchedK5,355,0.23615974237144621,0.1528112661838531,0.1528112661838531,0.097999998927116416,5,10
GSCD,QMEAN,Continuous_FCM,ClassMean,355,361.78842985335052,233.01450635292068,233.01450635292068,136.15553689510216,74.687323943661966,10
GSCD,QMEAN,Continuous_FCM,MatchedK5,355,264.84211914257918,159.878514582137,159.878514582137,95.109997558599389,5,10
GSHA,x1Percentile,Continuous_FCM,ClassMean,803,2.8744996473452282,1.4302107615108655,1.4302107615108655,0.82677193487188227,174.86674968866751,49
GSHA,x1Percentile,Continuous_FCM,MatchedK5,803,2.6784415212081845,1.1936087749844324,1.1936087749844324,0.54451548638536373,5,49
GSHA,x10Percentile,Continuous_FCM,ClassMean,803,4.2219086389592393,1.8774160963180881,1.8774160963180881,0.98456661167217674,174.86674968866751,49
GSHA,x10Percentile,Continuous_FCM,MatchedK5,803,4.0204989434696818,1.5950500879451592,1.5950500879451592,0.69876688116348262,5,49
GSHA,x25Percentile,Continuous_FCM,ClassMean,803,6.1497005022366986,2.6379385870067069,2.6379385870067069,1.2680208200033249,174.86674968866751,49
GSHA,x25Percentile,Continuous_FCM,MatchedK5,803,5.7779035798365648,2.2555942360253516,2.2555942360253516,1.0107032,5,49
GSHA,median,Continuous_FCM,ClassMean,803,10.844849166569862,4.7643855485907283,4.7643855485907283,2.347866968751994,174.86674968866751,49
GSHA,median,Continuous_FCM,MatchedK5,803,10.450488425614882,4.1419003852143703,4.1419003852143703,1.853176057220459,5,49
GSHA,x75Percentile,Continuous_FCM,ClassMean,803,21.877542887505708,10.29230460704845,10.29230460704845,5.7566469942385972,174.86674968866751,49
GSHA,x75Percentile,Continuous_FCM,MatchedK5,803,21.153488285261187,8.8234233125754216,8.8234233125754216,4.1878999132156416,5,49
GSHA,x90Percentile,Continuous_FCM,ClassMean,803,42.413965211950142,19.861186636331485,19.861186636331485,13.054262354801526,174.86674968866751,49
GSHA,x90Percentile,Continuous_FCM,MatchedK5,803,41.003846348394241,16.769867531286287,16.769867531286287,8.9220727694824404,5,49
GSHA,x99Percentile,Continuous_FCM,ClassMean,803,146.17173967178132,52.761424705153409,52.761424705153409,31.293609969060689,174.86674968866751,49
GSHA,x99Percentile,Continuous_FCM,MatchedK5,803,145.31409599973219,45.602797919249909,45.602797919249909,22.191621760000096,5,49
GSHA,mean,Continuous_FCM,ClassMean,803,19.457022035598712,8.6290397416296845,8.6290397416296845,5.1343575910983983,174.86674968866751,49
GSHA,mean,Continuous_FCM,MatchedK5,803,18.96412238921214,7.4333222343523015,7.4333222343523015,3.7807463203903824,5,49
GSHA,maximumAMF,Continuous_FCM,ClassMean,803,246.75165968832928,90.393416264425525,90.393416264425525,54.876265710094145,174.86674968866751,49
GSHA,maximumAMF,Continuous_FCM,MatchedK5,803,242.23098800159039,77.096945982571569,77.096945982571569,36.941144000000001,5,49
GSHA,frequencyOfHighflowDays,Continuous_FCM,ClassMean,803,20.249076392307366,2.7291549071536942,2.7291549071536942,0.049242424242422089,174.86674968866751,49
GSHA,frequencyOfHighflowDays,Continuous_FCM,MatchedK5,803,19.226770202077287,1.7905354919053551,1.7905354919053551,0,5,49
GSHA,averageDurationOfHighflowEvents,Continuous_FCM,ClassMean,803,22.051097586250638,5.1063748221355647,5.1063748221355647,2.1567439795101322,174.86674968866751,49
GSHA,averageDurationOfHighflowEvents,Continuous_FCM,MatchedK5,803,20.882737845870853,3.4226260917174431,3.4226260917174431,1.0244172494172497,5,49
GSHA,frequencyOfLowflowDays,Continuous_FCM,ClassMean,803,29.060011206036432,9.5832824776345493,9.5832824776345493,1.7142857142857153,174.86674968866751,49
GSHA,frequencyOfLowflowDays,Continuous_FCM,MatchedK5,803,28.909739295813971,8.5731008717310093,8.5731008717310093,0.60000000000000142,5,49
GSHA,averageDurationOfLowflowEvents,Continuous_FCM,ClassMean,803,13.122675499107572,6.0124987110565824,6.0124987110565824,2.9664675859120671,174.86674968866751,49
GSHA,averageDurationOfLowflowEvents,Continuous_FCM,MatchedK5,803,12.147088175997739,4.9389246758031975,4.9389246758031975,1.5973809523809503,5,49
GSHA,numberOfDaysWithQ0days,Continuous_FCM,ClassMean,803,33.643209255107038,11.169741194458451,11.169741194458451,2.9790874524714828,174.86674968866751,49
GSHA,numberOfDaysWithQ0days,Continuous_FCM,MatchedK5,803,33.794507758953785,9.6810709838107094,9.6810709838107094,0,5,49
GSIM,MEAN,Koppen,ClassMean,831,15.982622683291172,9.5604474893972,9.5604474893972,7.4838272988190013,390.16606498194943,8
GSIM,SD,Koppen,ClassMean,831,19.041499726308331,11.763277339213255,11.763277339213255,9.1702611159297014,390.16606498194943,8
GSIM,CV,Koppen,ClassMean,831,1.0945358971126351,0.61959323652489995,0.61959323652489995,0.34116541833186964,390.16606498194943,8
GSIM,IQR,Koppen,ClassMean,831,15.39683964844836,9.0857648829195519,9.0857648829195519,7.1153941712952928,390.16606498194943,8
GSIM,MIN,Koppen,ClassMean,831,2.6077080281040943,1.4465267035756717,1.4465267035756717,1.1561583841942311,390.16606498194943,8
GSIM,MAX,Koppen,ClassMean,831,153.57152620789819,89.305981686503998,89.305981686503998,65.931609775314186,390.16606498194943,8
GSIM,MIN7,Koppen,ClassMean,831,2.7818182264759441,1.5455552025955803,1.5455552025955803,1.2368170660143147,390.16606498194943,8
GSIM,MAX7,Koppen,ClassMean,831,82.576415180775157,50.533935014806083,50.533935014806083,38.915689602018489,390.16606498194943,8
GSIM,P10,Koppen,ClassMean,831,3.808860325805576,2.0368381507605591,2.0368381507605591,1.6059360185692855,390.16606498194943,8
GSIM,P20,Koppen,ClassMean,831,5.0135164581216642,2.6155893993454975,2.6155893993454975,1.987156740088633,390.16606498194943,8
GSIM,P30,Koppen,ClassMean,831,6.3102991037462477,3.3251442962029216,3.3251442962029216,2.5799933600235545,390.16606498194943,8
GSIM,P40,Koppen,ClassMean,831,7.9416258090271894,4.2985517467673082,4.2985517467673082,3.3529859186375743,390.16606498194943,8
GSIM,P50,Koppen,ClassMean,831,10.087083516966533,5.6191081034893733,5.6191081034893733,4.2929529028325106,390.16606498194943,8
GSIM,P60,Koppen,ClassMean,831,13.111044392552028,7.4348960965255557,7.4348960965255557,5.7389969375402146,390.16606498194943,8
GSIM,P70,Koppen,ClassMean,831,17.304028681140032,10.03277676620864,10.03277676620864,7.791046548428624,390.16606498194943,8
GSIM,P80,Koppen,ClassMean,831,23.589916632993265,14.085338794239906,14.085338794239906,11.111583601407032,390.16606498194943,8
GSIM,P90,Koppen,ClassMean,831,35.537471086962213,22.077535294720544,22.077535294720544,17.639892376903671,390.16606498194943,8
GSIM,GINI,Koppen,ClassMean,831,0.14625862382061175,0.11328951893937121,0.11328951893937121,0.089111373921682446,390.16606498194943,8
GSCD,BFI1,Koppen,ClassMean,355,0.13148196233009288,0.1044722293205733,0.1044722293205733,0.086842080907958197,160.0056338028169,5
GSCD,BFI2,Koppen,ClassMean,355,0.13974548379682822,0.11156834825706148,0.11156834825706148,0.095999997854232577,160.0056338028169,5
GSCD,BFI3,Koppen,ClassMean,355,0.13732768106831944,0.11066533235218423,0.11066533235218423,0.094449765659405549,160.0056338028169,5
GSCD,BFI4,Koppen,ClassMean,355,0.15199180622903299,0.12370728982190807,0.12370728982190807,0.10650719723632995,160.0056338028169,5
GSCD,K,Koppen,ClassMean,355,0.030306391298763627,0.02203300729641481,0.02203300729641481,0.019090910045581597,160.0056338028169,5
GSCD,Q1,Koppen,ClassMean,355,10.120609217135158,7.2271093417630032,7.2271093417630032,5.3692794902636152,160.0056338028169,5
GSCD,Q5,Koppen,ClassMean,355,5.1334828734857698,3.7546227985426142,3.7546227985426142,2.9213396199582342,160.0056338028169,5
GSCD,Q10,Koppen,ClassMean,355,3.7865089728643362,2.7532921246242923,2.7532921246242923,2.1574774178768541,160.0056338028169,5
GSCD,Q20,Koppen,ClassMean,355,2.6761104280183554,1.9075243443190624,1.9075243443190624,1.436507190974277,160.0056338028169,5
GSCD,Q50,Koppen,ClassMean,355,1.3078341953115156,0.9034936984578924,0.9034936984578924,0.70513511898818293,160.0056338028169,5
GSCD,Q80,Koppen,ClassMean,355,0.6615972654928487,0.46512502523358035,0.46512502523358035,0.38369369167868084,160.0056338028169,5
GSCD,Q90,Koppen,ClassMean,355,0.49755314304458759,0.35405944622294777,0.35405944622294777,0.30063063381155863,160.0056338028169,5
GSCD,Q95,Koppen,ClassMean,355,0.41198712911415813,0.29447989414636416,0.29447989414636416,0.25272727394075484,160.0056338028169,5
GSCD,Q99,Koppen,ClassMean,355,0.29634785104036898,0.21478811947996482,0.21478811947996482,0.18822966591771401,160.0056338028169,5
GSCD,T50,Koppen,ClassMean,213,33.188910216040924,28.340006586223549,28.340006586223549,25.520317440941227,170.25352112676057,3
GSCD,RC,Koppen,ClassMean,355,0.34380096675095739,0.2614048606783218,0.2614048606783218,0.21272725918504071,160.0056338028169,5
GSCD,QMEAN,Koppen,ClassMean,355,656.94844263797188,466.94147174159355,466.94147174159355,372.81351373861514,160.0056338028169,5
GSHA,x1Percentile,Koppen,ClassMean,803,3.161767071768268,1.6851247389412547,1.6851247389412547,1.3110879929283277,354.38356164383561,7
GSHA,x10Percentile,Koppen,ClassMean,803,4.6501246116767856,2.2669332283099108,2.2669332283099108,1.7320337011278331,354.38356164383561,7
GSHA,x25Percentile,Koppen,ClassMean,803,6.9484186085988746,3.2938000369547371,3.2938000369547371,2.5016642825938562,354.38356164383561,7
GSHA,median,Koppen,ClassMean,803,12.582078012636821,6.2231593448425224,6.2231593448425224,4.6298379972696244,354.38356164383561,7
GSHA,x75Percentile,Koppen,ClassMean,803,25.02982373882157,12.835924161083911,12.835924161083911,9.7350628894197975,354.38356164383561,7
GSHA,x90Percentile,Koppen,ClassMean,803,46.903798871889961,23.902790391562657,23.902790391562657,18.643131877406148,354.38356164383561,7
GSHA,x99Percentile,Koppen,ClassMean,803,153.88666792214343,62.193967343988639,62.193967343988639,44.452681390716592,354.38356164383561,7
GSHA,mean,Koppen,ClassMean,803,21.713138353957167,10.606487051537748,10.606487051537748,7.8523840852058004,354.38356164383561,7
GSHA,maximumAMF,Koppen,ClassMean,803,258.67634671305888,102.77147370576577,102.77147370576577,68.899832505119463,354.38356164383561,7
GSHA,frequencyOfHighflowDays,Koppen,ClassMean,803,19.874304006985369,2.6119317001291482,2.6119317001291482,0.069977426636569362,354.38356164383561,7
GSHA,averageDurationOfHighflowEvents,Koppen,ClassMean,803,21.686827307378689,5.3277401389883314,5.3277401389883314,2.3138172000145927,354.38356164383561,7
GSHA,frequencyOfLowflowDays,Koppen,ClassMean,803,32.296143484165555,12.570622944638835,12.570622944638835,2.556433408577881,354.38356164383561,7
GSHA,averageDurationOfLowflowEvents,Koppen,ClassMean,803,14.700064925716889,6.7195851399975224,6.7195851399975224,3.4498025347489563,354.38356164383561,7
GSHA,numberOfDaysWithQ0days,Koppen,ClassMean,803,38.360613400355703,15.198738931710157,15.198738931710157,2.2494356659142212,354.38356164383561,7
GSIM,MEAN,Knoben,ClassMean,831,14.666168078604391,8.5107446043668649,8.5107446043668649,4.9730409483236464,171.90854392298436,66
GSIM,MEAN,Knoben,MatchedK5,831,13.712599168669433,7.7120235224441265,7.7120235224441265,3.9659960595852937,5,66
GSIM,SD,Knoben,ClassMean,831,17.574935067218249,10.821327848685574,10.821327848685574,7.3268117915146895,171.90854392298436,66
GSIM,SD,Knoben,MatchedK5,831,16.046817670079907,9.6671573614788535,9.6671573614788535,5.4368065760084932,5,66
GSIM,CV,Knoben,ClassMean,831,1.1564119127711465,0.63181370495839684,0.63181370495839684,0.31500555379379203,171.90854392298436,66
GSIM,CV,Knoben,MatchedK5,831,1.212005969987183,0.58090780684539378,0.58090780684539378,0.25050985013610882,5,66
GSIM,IQR,Knoben,ClassMean,831,14.064198445088341,8.0013715473010745,8.0013715473010745,4.6930953103341331,171.90854392298436,66
GSIM,IQR,Knoben,MatchedK5,831,13.068499830407866,7.0757006899061068,7.0757006899061068,3.4305250000000003,5,66
GSIM,MIN,Knoben,ClassMean,831,2.4861972359176754,1.3221806353012591,1.3221806353012591,0.7028439655789015,171.90854392298436,66
GSIM,MIN,Knoben,MatchedK5,831,2.3813014498338156,1.2066181246072929,1.2066181246072929,0.52299999916553452,5,66
GSIM,MAX,Knoben,ClassMean,831,143.47415714893552,84.68613050116933,84.68613050116933,59.374292183880392,171.90854392298436,66
GSIM,MAX,Knoben,MatchedK5,831,129.34500908851774,74.291129269527289,74.291129269527289,41.006100000000004,5,66
GSIM,MIN7,Knoben,ClassMean,831,2.655459094886143,1.4126696475558154,1.4126696475558154,0.7659801052385522,171.90854392298436,66
GSIM,MIN7,Knoben,MatchedK5,831,2.5334468685812666,1.2912269066433668,1.2912269066433668,0.56399999999999872,5,66
GSIM,MAX7,Knoben,ClassMean,831,76.262962483064285,46.396926122579217,46.396926122579217,30.898377854873047,171.90854392298436,66
GSIM,MAX7,Knoben,MatchedK5,831,70.347125184763996,42.236384594748003,42.236384594748003,22.057857142857138,5,66
GSIM,P10,Knoben,ClassMean,831,3.6509026694103404,1.8602829028306715,1.8602829028306715,1.0362671232615093,171.90854392298436,66
GSIM,P10,Knoben,MatchedK5,831,3.4683902062902603,1.7142422426260739,1.7142422426260739,0.76279999999999981,5,66
GSIM,P20,Knoben,ClassMean,831,4.8143996041835768,2.3826242872943761,2.3826242872943761,1.3934584398386036,171.90854392298436,66
GSIM,P20,Knoben,MatchedK5,831,4.5687068778784381,2.2015468485252874,2.2015468485252874,1.008,5,66
GSIM,P30,Knoben,ClassMean,831,6.0281485494430953,2.9975465750645562,2.9975465750645562,1.7129842424317605,171.90854392298436,66
GSIM,P30,Knoben,MatchedK5,831,5.6965553603863537,2.7581649943053166,2.7581649943053166,1.3295000000000003,5,66
GSIM,P40,Knoben,ClassMean,831,7.4976270038106065,3.8350696790682282,3.8350696790682282,2.1937027373743931,171.90854392298436,66
GSIM,P40,Knoben,MatchedK5,831,7.059206135353076,3.4843423737396697,3.4843423737396697,1.6423999811172472,5,66
GSIM,P50,Knoben,ClassMean,831,9.4031964015389722,4.976421896204104,4.976421896204104,2.8431958939538431,171.90854392298436,66
GSIM,P50,Knoben,MatchedK5,831,8.865727212759559,4.4770257955107429,4.4770257955107429,2.0279999999999996,5,66
GSIM,P60,Knoben,ClassMean,831,12.130121684369989,6.5692169815519783,6.5692169815519783,3.7440214690236751,171.90854392298436,66
GSIM,P60,Knoben,MatchedK5,831,11.4345327526825,5.8594376622774575,5.8594376622774575,2.6852000000000009,5,66
GSIM,P70,Knoben,ClassMean,831,15.906918899867273,8.8444864386505024,8.8444864386505024,4.9211028778801342,171.90854392298436,66
GSIM,P70,Knoben,MatchedK5,831,14.901298550621775,7.8960432478231448,7.8960432478231448,4.0099000083446512,5,66
GSIM,P80,Knoben,ClassMean,831,21.564207871295608,12.448976173272282,12.448976173272282,7.1559543385527462,171.90854392298436,66
GSIM,P80,Knoben,MatchedK5,831,20.174198572448049,11.186177322147939,11.186177322147939,5.698400000000003,5,66
GSIM,P90,Knoben,ClassMean,831,32.324237240542551,19.526639694950124,19.526639694950124,11.883998083523934,171.90854392298436,66
GSIM,P90,Knoben,MatchedK5,831,30.279551122443365,17.665128628692024,17.665128628692024,9.3292988555908387,5,66
GSIM,GINI,Knoben,ClassMean,831,0.14457482251044765,0.11308553978554936,0.11308553978554936,0.08725820986201549,171.90854392298436,66
GSIM,GINI,Knoben,MatchedK5,831,0.13300275931963737,0.096982383536216604,0.096982383536216604,0.069771806289801175,5,66
GSCD,BFI1,Knoben,ClassMean,355,0.13335463219901528,0.10481337213621091,0.10481337213621091,0.084782610120980761,64.185915492957747,28
GSCD,BFI1,Knoben,MatchedK5,355,0.12145387044898845,0.086563381628251404,0.086563381628251404,0.056000018119811534,5,28
GSCD,BFI2,Knoben,ClassMean,355,0.13559479769444793,0.1072161212688252,0.1072161212688252,0.087500001170805974,64.185915492957747,28
GSCD,BFI2,Knoben,MatchedK5,355,0.12516607564727958,0.09103098634053286,0.09103098634053286,0.065999996662140126,5,28
GSCD,BFI3,Knoben,ClassMean,355,0.13627771808706618,0.10690881375143974,0.10690881375143974,0.087799993157386291,64.185915492957747,28
GSCD,BFI3,Knoben,MatchedK5,355,0.12346061772938094,0.087571832340368042,0.087571832340368042,0.061999976634979803,5,28
GSCD,BFI4,Knoben,ClassMean,355,0.14839988977994961,0.11827597922690936,0.11827597922690936,0.099733326832453673,64.185915492957747,28
GSCD,BFI4,Knoben,MatchedK5,355,0.13450110204765328,0.098061971922575583,0.098061971922575583,0.070000010728835993,5,28
GSCD,K,Knoben,ClassMean,355,0.02914256988364573,0.020390749023766534,0.020390749023766534,0.01560000035911794,64.185915492957747,28
GSCD,K,Knoben,MatchedK5,355,0.02830199331710968,0.018788732567303613,0.018788732567303613,0.012000003457069405,5,28
GSCD,Q1,Knoben,ClassMean,355,9.7293373757030839,7.2512679252508798,7.2512679252508798,5.9554665438334098,64.185915492957747,28
GSCD,Q1,Knoben,MatchedK5,355,8.6085505797477921,5.8317690156085362,5.8317690156085362,3.8120006561278821,5,28
GSCD,Q5,Knoben,ClassMean,355,4.7478479794401363,3.5877629770152382,3.5877629770152382,2.7604547551635581,64.185915492957747,28
GSCD,Q5,Knoben,MatchedK5,355,4.2872991981480908,2.9384563271848236,2.9384563271848236,1.9339999914169315,5,28
GSCD,Q10,Knoben,ClassMean,355,3.4486342226664584,2.523912050475035,2.523912050475035,1.8777382247415999,64.185915492957747,28
GSCD,Q10,Knoben,MatchedK5,355,3.1356687079388181,2.074112671357645,2.074112671357645,1.2739999771118165,5,28
GSCD,Q20,Knoben,ClassMean,355,2.4212261629448184,1.6925643582606247,1.6925643582606247,1.202738081082884,64.185915492957747,28
GSCD,Q20,Knoben,MatchedK5,355,2.164447647235574,1.3554309904459914,1.3554309904459914,0.77999997586011893,5,28
GSCD,Q50,Knoben,ClassMean,355,1.192656093127479,0.76731929994610859,0.76731929994610859,0.48000002865280367,64.185915492957747,28
GSCD,Q50,Knoben,MatchedK5,355,1.0423684986525525,0.62340281689041088,0.62340281689041088,0.35799999535083765,5,28
GSCD,Q80,Knoben,ClassMean,355,0.60232906708735379,0.3776021426908735,0.3776021426908735,0.21678571569334196,64.185915492957747,28
GSCD,Q80,Knoben,MatchedK5,355,0.5217205245844565,0.30222535154769103,0.30222535154769103,0.13599996566771999,5,28
GSCD,Q90,Knoben,ClassMean,355,0.4479385723176611,0.28226747380551043,0.28226747380551043,0.15785714218925148,64.185915492957747,28
GSCD,Q90,Knoben,MatchedK5,355,0.39378566228409712,0.23131831216245474,0.23131831216245474,0.11000000089406961,5,28
GSCD,Q95,Knoben,ClassMean,355,0.36915982912185369,0.23357102072168254,0.23357102072168254,0.12285714230633202,64.185915492957747,28
GSCD,Q95,Knoben,MatchedK5,355,0.32596556746181293,0.19330140604204701,0.19330140604204701,0.091999998688697987,5,28
GSCD,Q99,Knoben,ClassMean,355,0.26407735446985375,0.17040012508522154,0.17040012508522154,0.085714287124574018,64.185915492957747,28
GSCD,Q99,Knoben,MatchedK5,355,0.23365384421965446,0.14237746579126564,0.14237746579126564,0.070000003650784293,5,28
GSCD,T50,Knoben,ClassMean,213,31.996900104881345,25.697820154626843,25.697820154626843,22.43047587076822,64.629107981220656,1
GSCD,T50,Knoben,MatchedK5,213,25.284429594667706,18.110394487694389,18.110394487694389,12.599999999999994,4.92018779342723,1
GSCD,RC,Knoben,ClassMean,355,0.29575941192151062,0.21812309565402357,0.21812309565402357,0.16636363343533209,64.185915492957747,28
GSCD,RC,Knoben,MatchedK5,355,0.27754687543005074,0.1888450682026819,0.1888450682026819,0.12599999904632586,5,28
GSCD,QMEAN,Knoben,ClassMean,355,599.04232013417459,416.73402171486435,416.73402171486435,296.03212795938759,64.185915492957747,28
GSCD,QMEAN,Knoben,MatchedK5,355,530.84197281075842,343.98360821092649,343.98360821092649,212.01597900390641,5,28
GSHA,x1Percentile,Knoben,ClassMean,803,3.0563313903855738,1.5467815544677719,1.5467815544677719,0.77361277453249211,167.84806973848069,62
GSHA,x1Percentile,Knoben,MatchedK5,803,2.9142701910559183,1.3923218082009663,1.3923218082009663,0.56679414581513221,5,62
GSHA,x10Percentile,Knoben,ClassMean,803,4.5393638840802657,2.0958463220108876,2.0958463220108876,1.0884821513829079,167.84806973848069,62
GSHA,x10Percentile,Knoben,MatchedK5,803,4.3735273041176939,1.9185236212380248,1.9185236212380248,0.80777120634193345,5,62
GSHA,x25Percentile,Knoben,ClassMean,803,6.7850092308082823,3.048686181049328,3.048686181049328,1.6390632537283727,167.84806973848069,62
GSHA,x25Percentile,Knoben,MatchedK5,803,6.520997891202164,2.8197361859098629,2.8197361859098629,1.1738320219821912,5,62
GSHA,median,Knoben,ClassMean,803,12.129412475301422,5.6113555099753407,5.6113555099753407,3.0219234973913047,167.84806973848069,62
GSHA,median,Knoben,MatchedK5,803,11.890614421918665,5.2429502847751008,5.2429502847751008,2.1013440000000001,5,62
GSHA,x75Percentile,Knoben,ClassMean,803,23.921305332617617,11.521828260264154,11.521828260264154,6.3192854038929012,167.84806973848069,62
GSHA,x75Percentile,Knoben,MatchedK5,803,23.862229124180185,10.998024710747661,10.998024710747661,5.0855001525878993,5,62
GSHA,x90Percentile,Knoben,ClassMean,803,45.131577198579492,21.70525581091837,21.70525581091837,12.911875265771179,167.84806973848069,62
GSHA,x90Percentile,Knoben,MatchedK5,803,45.723681581725437,20.838341882767725,20.838341882767725,10.370784,5,62
GSHA,x99Percentile,Knoben,ClassMean,803,151.77629670428067,59.620043646771691,59.620043646771691,36.489981413655585,167.84806973848069,62
GSHA,x99Percentile,Knoben,MatchedK5,803,158.55712133717117,56.924098571536327,56.924098571536327,26.504801279999999,5,62
GSHA,mean,Knoben,ClassMean,803,20.983091471900774,9.6423125123122766,9.6423125123122766,5.470757492065955,167.84806973848069,62
GSHA,mean,Knoben,MatchedK5,803,21.131049000153098,9.2586344265810308,9.2586344265810308,4.2180479251201568,5,62
GSHA,maximumAMF,Knoben,ClassMean,803,255.80087314567709,100.83433987482179,100.83433987482179,62.780437933923643,167.84806973848069,62
GSHA,maximumAMF,Knoben,MatchedK5,803,265.84427535344224,95.563173782876888,95.563173782876888,45.179999999999964,5,62
GSHA,frequencyOfHighflowDays,Knoben,ClassMean,803,20.401464090119443,2.8287980130005552,2.8287980130005552,0.16867469879517927,167.84806973848069,62
GSHA,frequencyOfHighflowDays,Knoben,MatchedK5,803,24.030161879400371,3.2379825653798258,3.2379825653798258,0,5,62
GSHA,averageDurationOfHighflowEvents,Knoben,ClassMean,803,22.355202529484991,5.0225187014130359,5.0225187014130359,3.5942760803453426,167.84806973848069,62
GSHA,averageDurationOfHighflowEvents,Knoben,MatchedK5,803,26.151951710880624,4.9602883225823637,4.9602883225823637,1.2370526695526687,5,62
GSHA,frequencyOfLowflowDays,Knoben,ClassMean,803,36.849612521738301,15.06125844132869,15.06125844132869,3.5030120481927725,167.84806973848069,62
GSHA,frequencyOfLowflowDays,Knoben,MatchedK5,803,38.224343335264827,13.400747198007471,13.400747198007471,0.79999999999999716,5,62
GSHA,averageDurationOfLowflowEvents,Knoben,ClassMean,803,15.355812778660857,7.3262705565571764,7.3262705565571764,4.3828808736066769,167.84806973848069,62
GSHA,averageDurationOfLowflowEvents,Knoben,MatchedK5,803,14.823672984260222,6.2140823396054676,6.2140823396054676,1.8200000000000003,5,62
GSHA,numberOfDaysWithQ0days,Knoben,ClassMean,803,43.508733254179432,17.884865331197819,17.884865331197819,2.1807228915662651,167.84806973848069,62
GSHA,numberOfDaysWithQ0days,Knoben,MatchedK5,803,44.170870669380726,14.861145703611458,14.861145703611458,0,5,62
