feature,label,audios_variant,baseline,baseline_variant,n,audios_pooled_rmse,baseline_pooled_rmse,relative_rmse_improvement_percent
MEAN,AUDIOSK5 vs KnobenK5,MatchedK5,Knoben,MatchedK5,831,11.52413843495576,13.712599168669433,15.959488837928497
SD,AUDIOSK5 vs KnobenK5,MatchedK5,Knoben,MatchedK5,831,13.362107222184203,16.046817670079907,16.730485153461174
CV,AUDIOSK5 vs KnobenK5,MatchedK5,Knoben,MatchedK5,831,0.8488345011940416,1.212005969987183,29.96449504262607
IQR,AUDIOSK5 vs KnobenK5,MatchedK5,Knoben,MatchedK5,831,11.185224675629042,13.068499830407866,14.41079832588594
MIN,AUDIOSK5 vs KnobenK5,MatchedK5,Knoben,MatchedK5,831,2.151445813051507,2.3813014498338156,9.652521598991585
MAX,AUDIOSK5 vs KnobenK5,MatchedK5,Knoben,MatchedK5,831,107.50871480802589,129.34500908851774,16.882208625110618
MIN7,AUDIOSK5 vs KnobenK5,MatchedK5,Knoben,MatchedK5,831,2.2954586351771913,2.5334468685812666,9.39385137124857
MAX7,AUDIOSK5 vs KnobenK5,MatchedK5,Knoben,MatchedK5,831,57.48084438454253,70.347125184764,18.289703760357913
P10,AUDIOSK5 vs KnobenK5,MatchedK5,Knoben,MatchedK5,831,3.052402272449916,3.4683902062902603,11.99368897668752
P20,AUDIOSK5 vs KnobenK5,MatchedK5,Knoben,MatchedK5,831,3.883068070863283,4.568706877878438,15.00728379697548
P30,AUDIOSK5 vs KnobenK5,MatchedK5,Knoben,MatchedK5,831,4.769576519930876,5.696555360386354,16.272620589306584
P40,AUDIOSK5 vs KnobenK5,MatchedK5,Knoben,MatchedK5,831,5.908841564084075,7.059206135353076,16.2959481450454
P50,AUDIOSK5 vs KnobenK5,MatchedK5,Knoben,MatchedK5,831,7.409281477731663,8.865727212759559,16.427820302566705
P60,AUDIOSK5 vs KnobenK5,MatchedK5,Knoben,MatchedK5,831,9.634360141442345,11.4345327526825,15.743298394224647
P70,AUDIOSK5 vs KnobenK5,MatchedK5,Knoben,MatchedK5,831,12.651714473073405,14.901298550621775,15.096564033706333
P80,AUDIOSK5 vs KnobenK5,MatchedK5,Knoben,MatchedK5,831,17.21392059275833,20.17419857244805,14.673584028921853
P90,AUDIOSK5 vs KnobenK5,MatchedK5,Knoben,MatchedK5,831,25.59107280280685,30.279551122443365,15.483975639788765
GINI,AUDIOSK5 vs KnobenK5,MatchedK5,Knoben,MatchedK5,831,0.10750051063336916,0.13300275931963734,19.174225269251895
MEAN,AUDIOS vs Köppen,ClassMean,Koppen,ClassMean,831,13.27775987651582,15.982622683291172,16.923773152719903
SD,AUDIOS vs Köppen,ClassMean,Koppen,ClassMean,831,16.400336147904536,19.04149972630833,13.870564904899169
CV,AUDIOS vs Köppen,ClassMean,Koppen,ClassMean,831,1.0001354276572993,1.0945358971126349,8.62470291786338
IQR,AUDIOS vs Köppen,ClassMean,Koppen,ClassMean,831,12.912990327242778,15.39683964844836,16.13220230851658
MIN,AUDIOS vs Köppen,ClassMean,Koppen,ClassMean,831,2.359644870712153,2.6077080281040947,9.512689101635868
MAX,AUDIOS vs Köppen,ClassMean,Koppen,ClassMean,831,134.67882367532488,153.5715262078982,12.302217083521866
MIN7,AUDIOS vs Köppen,ClassMean,Koppen,ClassMean,831,2.5178945802536603,2.781818226475944,9.487451182481715
MAX7,AUDIOS vs Köppen,ClassMean,Koppen,ClassMean,831,72.0679695019697,82.57641518077516,12.72572278149943
P10,AUDIOS vs Köppen,ClassMean,Koppen,ClassMean,831,3.383682708892325,3.808860325805575,11.16285661704659
P20,AUDIOS vs Köppen,ClassMean,Koppen,ClassMean,831,4.356311286382674,5.013516458121664,13.108666885382384
P30,AUDIOS vs Köppen,ClassMean,Koppen,ClassMean,831,5.341701028163596,6.310299103746249,15.349479630967453
P40,AUDIOS vs Köppen,ClassMean,Koppen,ClassMean,831,6.563463421136498,7.941625809027189,17.35365554902051
P50,AUDIOS vs Köppen,ClassMean,Koppen,ClassMean,831,8.208024905610506,10.087083516966533,18.62836377031518
P60,AUDIOS vs Köppen,ClassMean,Koppen,ClassMean,831,10.679997015598712,13.111044392552028,18.54198112801996
P70,AUDIOS vs Köppen,ClassMean,Koppen,ClassMean,831,14.216961823219686,17.304028681140032,17.840162628053175
P80,AUDIOS vs Köppen,ClassMean,Koppen,ClassMean,831,19.712403884639343,23.589916632993262,16.437161727527105
P90,AUDIOS vs Köppen,ClassMean,Koppen,ClassMean,831,30.185181076724902,35.53747108696221,15.060976052966609
GINI,AUDIOS vs Köppen,ClassMean,Koppen,ClassMean,831,0.12251994311110256,0.1462586238206117,16.230619494016956
MEAN,AUDIOS vs Knoben,ClassMean,Knoben,ClassMean,831,13.27775987651582,14.666168078604391,9.466741378165702
SD,AUDIOS vs Knoben,ClassMean,Knoben,ClassMean,831,16.400336147904536,17.57493506721825,6.683375584724864
CV,AUDIOS vs Knoben,ClassMean,Knoben,ClassMean,831,1.0001354276572993,1.1564119127711465,13.5139117288542
IQR,AUDIOS vs Knoben,ClassMean,Knoben,ClassMean,831,12.912990327242778,14.064198445088339,8.185380221562498
MIN,AUDIOS vs Knoben,ClassMean,Knoben,ClassMean,831,2.359644870712153,2.486197235917676,5.090198129788018
MAX,AUDIOS vs Knoben,ClassMean,Knoben,ClassMean,831,134.67882367532488,143.47415714893552,6.1302562415338056
MIN7,AUDIOS vs Knoben,ClassMean,Knoben,ClassMean,831,2.5178945802536603,2.655459094886143,5.18044186398514
MAX7,AUDIOS vs Knoben,ClassMean,Knoben,ClassMean,831,72.0679695019697,76.2629624830643,5.50069502220843
P10,AUDIOS vs Knoben,ClassMean,Knoben,ClassMean,831,3.383682708892325,3.6509026694103404,7.319284700656621
P20,AUDIOS vs Knoben,ClassMean,Knoben,ClassMean,831,4.356311286382674,4.814399604183576,9.514962517918878
P30,AUDIOS vs Knoben,ClassMean,Knoben,ClassMean,831,5.341701028163596,6.028148549443095,11.387369034608739
P40,AUDIOS vs Knoben,ClassMean,Knoben,ClassMean,831,6.563463421136498,7.4976270038106065,12.459456601393054
P50,AUDIOS vs Knoben,ClassMean,Knoben,ClassMean,831,8.208024905610506,9.403196401538972,12.710268348035983
P60,AUDIOS vs Knoben,ClassMean,Knoben,ClassMean,831,10.679997015598712,12.130121684369989,11.954741316732253
P70,AUDIOS vs Knoben,ClassMean,Knoben,ClassMean,831,14.216961823219686,15.906918899867273,10.624037799436373
P80,AUDIOS vs Knoben,ClassMean,Knoben,ClassMean,831,19.712403884639343,21.564207871295608,8.58739628976228
P90,AUDIOS vs Knoben,ClassMean,Knoben,ClassMean,831,30.185181076724902,32.32423724054255,6.617499271211716
GINI,AUDIOS vs Knoben,ClassMean,Knoben,ClassMean,831,0.12251994311110256,0.14457482251044756,15.254993239055318
MEAN,AUDIOS vs KnobenK5,ClassMean,Knoben,MatchedK5,831,13.27775987651582,13.712599168669433,3.1710931443772887
SD,AUDIOS vs KnobenK5,ClassMean,Knoben,MatchedK5,831,16.400336147904536,16.046817670079907,-2.203044149269433
CV,AUDIOS vs KnobenK5,ClassMean,Knoben,MatchedK5,831,1.0001354276572993,1.212005969987183,17.480981742369156
IQR,AUDIOS vs KnobenK5,ClassMean,Knoben,MatchedK5,831,12.912990327242778,13.068499830407866,1.189956805931528
MIN,AUDIOS vs KnobenK5,ClassMean,Knoben,MatchedK5,831,2.359644870712153,2.3813014498338156,0.9094429906458964
MAX,AUDIOS vs KnobenK5,ClassMean,Knoben,MatchedK5,831,134.67882367532488,129.34500908851774,-4.1237111693709965
MIN7,AUDIOS vs KnobenK5,ClassMean,Knoben,MatchedK5,831,2.5178945802536603,2.5334468685812666,0.6138786062766552
MAX7,AUDIOS vs KnobenK5,ClassMean,Knoben,MatchedK5,831,72.0679695019697,70.347125184764,-2.4462183958277928
P10,AUDIOS vs KnobenK5,ClassMean,Knoben,MatchedK5,831,3.383682708892325,3.4683902062902603,2.442271265912063
P20,AUDIOS vs KnobenK5,ClassMean,Knoben,MatchedK5,831,4.356311286382674,4.568706877878438,4.648921394457988
P30,AUDIOS vs KnobenK5,ClassMean,Knoben,MatchedK5,831,5.341701028163596,5.696555360386354,6.229279095405653
P40,AUDIOS vs KnobenK5,ClassMean,Knoben,MatchedK5,831,6.563463421136498,7.059206135353076,7.022641139969814
P50,AUDIOS vs KnobenK5,ClassMean,Knoben,MatchedK5,831,8.208024905610506,8.865727212759559,7.418481207074449
P60,AUDIOS vs KnobenK5,ClassMean,Knoben,MatchedK5,831,10.679997015598712,11.4345327526825,6.598745689077475
P70,AUDIOS vs KnobenK5,ClassMean,Knoben,MatchedK5,831,14.216961823219686,14.901298550621775,4.592463704269143
P80,AUDIOS vs KnobenK5,ClassMean,Knoben,MatchedK5,831,19.712403884639343,20.17419857244805,2.2890360980157074
P90,AUDIOS vs KnobenK5,ClassMean,Knoben,MatchedK5,831,30.185181076724902,30.279551122443365,0.31166263111646897
GINI,AUDIOS vs KnobenK5,ClassMean,Knoben,MatchedK5,831,0.12251994311110256,0.13300275931963734,7.881653179346506
